data,fold,depth,min_samples_leaf,min_samples_split,prediction_method,prediction_method_leaf,evaluation_method,mse,mse gap,nof_infeasibilities,training_duration,use_brute_force,use_hashmaps,use_initial_solution,RF_n_estimators
synthetic_manifold_df_size_500_targets_5_seed_0,0,5,5,10,sklearn,sklearn,sklearn,0.576401377,0.0,100,0.003053665,,,,
synthetic_manifold_df_size_500_targets_5_seed_0,0,5,5,10,mean,optimal,mse,0.563359775,-0.022625903,0,0.388555288,True,True,False,
synthetic_manifold_df_size_500_targets_5_seed_0,0,5,5,10,mean,optimal,mse,0.491080719,-0.148022994,0,5.419226646,True,True,False,20.0
synthetic_manifold_df_size_500_targets_5_seed_0,0,5,5,10,optimal,optimal,mse,0.539015646,-0.064860585,0,9.501764059,True,True,False,
synthetic_manifold_df_size_500_targets_5_seed_0,0,5,5,10,optimal,optimal,mse,0.491344499,-0.147565361,0,120.6116073,True,True,False,20.0
synthetic_manifold_df_size_500_targets_5_seed_0,0,5,5,10,sing-depthMIP,sing-depthMIP,mse,0.543582221,-0.056938024,0,28.95725012,False,False,False,
synthetic_manifold_df_size_500_targets_5_seed_0,0,5,5,10,sing-depthMIP,sing-depthMIP,mse,0.492142314,-0.14618123,0,470.9504657,False,False,False,20.0
synthetic_manifold_df_size_500_targets_5_seed_0,1,5,5,10,sklearn,sklearn,sklearn,0.516855756,0.0,100,0.002700806,,,,
synthetic_manifold_df_size_500_targets_5_seed_0,1,5,5,10,mean,optimal,mse,0.483537852,-0.064462673,0,0.415686369,True,True,False,
synthetic_manifold_df_size_500_targets_5_seed_0,1,5,5,10,mean,optimal,mse,0.414533235,-0.197971137,0,5.579848051,True,True,False,20.0
synthetic_manifold_df_size_500_targets_5_seed_0,1,5,5,10,optimal,optimal,mse,0.488700548,-0.054474015,0,9.635706425,True,True,False,
synthetic_manifold_df_size_500_targets_5_seed_0,1,5,5,10,optimal,optimal,mse,0.413454813,-0.200057642,0,114.9518125,True,True,False,20.0
synthetic_manifold_df_size_500_targets_5_seed_0,1,5,5,10,sing-depthMIP,sing-depthMIP,mse,0.488700548,-0.054474014,0,27.21701741,False,False,False,
synthetic_manifold_df_size_500_targets_5_seed_0,1,5,5,10,sing-depthMIP,sing-depthMIP,mse,0.413445104,-0.200076426,0,498.8136222,False,False,False,20.0
synthetic_manifold_df_size_500_targets_5_seed_0,2,5,5,10,sklearn,sklearn,sklearn,0.643227875,0.0,100,0.004413843,,,,
synthetic_manifold_df_size_500_targets_5_seed_0,2,5,5,10,mean,optimal,mse,0.640717631,-0.003902573,0,0.474565744,True,True,False,
synthetic_manifold_df_size_500_targets_5_seed_0,2,5,5,10,mean,optimal,mse,0.446220239,-0.306279694,0,6.60614419,True,True,False,20.0
synthetic_manifold_df_size_500_targets_5_seed_0,2,5,5,10,optimal,optimal,mse,0.611922764,-0.048668773,0,11.81537127,True,True,False,
synthetic_manifold_df_size_500_targets_5_seed_0,2,5,5,10,optimal,optimal,mse,0.436774316,-0.320964883,0,116.4929626,True,True,False,20.0
synthetic_manifold_df_size_500_targets_5_seed_0,2,5,5,10,sing-depthMIP,sing-depthMIP,mse,0.611922764,-0.048668773,0,36.33111,False,False,False,
synthetic_manifold_df_size_500_targets_5_seed_0,2,5,5,10,sing-depthMIP,sing-depthMIP,mse,0.440116226,-0.315769351,0,497.556402,False,False,False,20.0
synthetic_manifold_df_size_500_targets_5_seed_0,3,5,5,10,sklearn,sklearn,sklearn,0.630604657,0.0,100,0.002992392,,,,
synthetic_manifold_df_size_500_targets_5_seed_0,3,5,5,10,mean,optimal,mse,0.604304112,-0.041706866,0,0.452156544,True,True,False,
synthetic_manifold_df_size_500_targets_5_seed_0,3,5,5,10,mean,optimal,mse,0.505654049,-0.198144125,0,5.53975749,True,True,False,20.0
synthetic_manifold_df_size_500_targets_5_seed_0,3,5,5,10,optimal,optimal,mse,0.553360085,-0.122492865,0,9.679417372,True,True,False,
synthetic_manifold_df_size_500_targets_5_seed_0,3,5,5,10,optimal,optimal,mse,0.499351794,-0.208138112,0,115.5287452,True,True,False,20.0
synthetic_manifold_df_size_500_targets_5_seed_0,3,5,5,10,sing-depthMIP,sing-depthMIP,mse,0.553360085,-0.122492865,0,32.49654436,False,False,False,
synthetic_manifold_df_size_500_targets_5_seed_0,3,5,5,10,sing-depthMIP,sing-depthMIP,mse,0.499879155,-0.207301834,0,531.8723626,False,False,False,20.0
synthetic_manifold_df_size_500_targets_5_seed_0,4,5,5,10,sklearn,sklearn,sklearn,0.490934617,0.0,100,0.008459091,,,,
synthetic_manifold_df_size_500_targets_5_seed_0,4,5,5,10,mean,optimal,mse,0.460314243,-0.062371593,0,0.690784693,True,True,False,
synthetic_manifold_df_size_500_targets_5_seed_0,4,5,5,10,mean,optimal,mse,0.361548701,-0.263550199,0,10.13700342,True,True,False,20.0
synthetic_manifold_df_size_500_targets_5_seed_0,4,5,5,10,optimal,optimal,mse,0.473859456,-0.034780928,0,16.4943161,True,True,False,
synthetic_manifold_df_size_500_targets_5_seed_0,4,5,5,10,optimal,optimal,mse,0.356319656,-0.274201405,0,124.8957264,True,True,False,20.0
synthetic_manifold_df_size_500_targets_5_seed_0,4,5,5,10,sing-depthMIP,sing-depthMIP,mse,0.478563193,-0.02519974,0,36.66793203,False,False,False,
synthetic_manifold_df_size_500_targets_5_seed_0,4,5,5,10,sing-depthMIP,sing-depthMIP,mse,0.355133581,-0.276617358,0,510.2133787,False,False,False,20.0
synthetic_manifold_df_size_500_targets_5_seed_1,0,5,5,10,sklearn,sklearn,sklearn,0.197302583,0.0,100,0.004005671,,,,
synthetic_manifold_df_size_500_targets_5_seed_1,0,5,5,10,mean,optimal,mse,0.478215366,1.423766368,0,0.377969742,True,True,False,
synthetic_manifold_df_size_500_targets_5_seed_1,0,5,5,10,mean,optimal,mse,0.502917086,1.548963511,0,5.439940691,True,True,False,20.0
synthetic_manifold_df_size_500_targets_5_seed_1,0,5,5,10,optimal,optimal,mse,0.500506566,1.536746138,0,9.271968365,True,True,False,
synthetic_manifold_df_size_500_targets_5_seed_1,0,5,5,10,optimal,optimal,mse,0.496754723,1.517730453,0,114.2666936,True,True,False,20.0
synthetic_manifold_df_size_500_targets_5_seed_1,0,5,5,10,sing-depthMIP,sing-depthMIP,mse,0.500506566,1.536746138,0,21.59155369,False,False,False,
synthetic_manifold_df_size_500_targets_5_seed_1,0,5,5,10,sing-depthMIP,sing-depthMIP,mse,0.498377321,1.52595436,0,374.4136543,False,False,False,20.0
synthetic_manifold_df_size_500_targets_5_seed_1,1,5,5,10,sklearn,sklearn,sklearn,0.197216663,0.0,100,0.00374341,,,,
synthetic_manifold_df_size_500_targets_5_seed_1,1,5,5,10,mean,optimal,mse,0.41703674,1.114612092,0,0.409882069,True,True,False,
synthetic_manifold_df_size_500_targets_5_seed_1,1,5,5,10,mean,optimal,mse,0.467044013,1.368177244,0,5.972696543,True,True,False,20.0
synthetic_manifold_df_size_500_targets_5_seed_1,1,5,5,10,optimal,optimal,mse,0.428114489,1.170782541,0,9.599640846,True,True,False,
synthetic_manifold_df_size_500_targets_5_seed_1,1,5,5,10,optimal,optimal,mse,0.467113765,1.368530927,0,114.7277389,True,True,False,20.0
synthetic_manifold_df_size_500_targets_5_seed_1,1,5,5,10,sing-depthMIP,sing-depthMIP,mse,0.428114488,1.17078254,0,21.81906176,False,False,False,
synthetic_manifold_df_size_500_targets_5_seed_1,1,5,5,10,sing-depthMIP,sing-depthMIP,mse,0.466664792,1.366254379,0,422.9975836,False,False,False,20.0
synthetic_manifold_df_size_500_targets_5_seed_1,2,5,5,10,sklearn,sklearn,sklearn,0.189395383,0.0,100,0.0,,,,
synthetic_manifold_df_size_500_targets_5_seed_1,2,5,5,10,mean,optimal,mse,0.42989791,1.26984366,0,0.570084095,True,True,False,
synthetic_manifold_df_size_500_targets_5_seed_1,2,5,5,10,mean,optimal,mse,0.457381308,1.414954891,0,7.705528259,True,True,False,20.0
synthetic_manifold_df_size_500_targets_5_seed_1,2,5,5,10,optimal,optimal,mse,0.430089199,1.270853658,0,10.80311847,True,True,False,
synthetic_manifold_df_size_500_targets_5_seed_1,2,5,5,10,optimal,optimal,mse,0.434489351,1.29408628,0,127.0686023,True,True,False,20.0
synthetic_manifold_df_size_500_targets_5_seed_1,2,5,5,10,sing-depthMIP,sing-depthMIP,mse,0.4300892,1.270853659,0,29.04890895,False,False,False,
synthetic_manifold_df_size_500_targets_5_seed_1,2,5,5,10,sing-depthMIP,sing-depthMIP,mse,0.434772742,1.295582572,0,452.1115012,False,False,False,20.0
synthetic_manifold_df_size_500_targets_5_seed_1,3,5,5,10,sklearn,sklearn,sklearn,0.206578792,0.0,100,0.004010439,,,,
synthetic_manifold_df_size_500_targets_5_seed_1,3,5,5,10,mean,optimal,mse,0.449842842,1.177584827,0,0.419384241,True,True,False,
synthetic_manifold_df_size_500_targets_5_seed_1,3,5,5,10,mean,optimal,mse,0.491958419,1.381456561,0,5.780607224,True,True,False,20.0
synthetic_manifold_df_size_500_targets_5_seed_1,3,5,5,10,optimal,optimal,mse,0.441377123,1.136604242,0,9.464715004,True,True,False,
synthetic_manifold_df_size_500_targets_5_seed_1,3,5,5,10,optimal,optimal,mse,0.483050765,1.338336673,0,114.6586711,True,True,False,20.0
synthetic_manifold_df_size_500_targets_5_seed_1,3,5,5,10,sing-depthMIP,sing-depthMIP,mse,0.442824944,1.14361281,0,27.78914928,False,False,False,
synthetic_manifold_df_size_500_targets_5_seed_1,3,5,5,10,sing-depthMIP,sing-depthMIP,mse,0.483809671,1.342010361,0,395.7805848,False,False,False,20.0
synthetic_manifold_df_size_500_targets_5_seed_1,4,5,5,10,sklearn,sklearn,sklearn,0.244893304,0.0,100,0.002004385,,,,
synthetic_manifold_df_size_500_targets_5_seed_1,4,5,5,10,mean,optimal,mse,0.464386477,0.896280825,0,0.504820108,True,True,False,
synthetic_manifold_df_size_500_targets_5_seed_1,4,5,5,10,mean,optimal,mse,0.487697497,0.991469298,0,5.655104876,True,True,False,20.0
synthetic_manifold_df_size_500_targets_5_seed_1,4,5,5,10,optimal,optimal,mse,0.444736672,0.816042596,0,9.677921295,True,True,False,
synthetic_manifold_df_size_500_targets_5_seed_1,4,5,5,10,optimal,optimal,mse,0.474104833,0.935964867,0,117.4381435,True,True,False,20.0
synthetic_manifold_df_size_500_targets_5_seed_1,4,5,5,10,sing-depthMIP,sing-depthMIP,mse,0.444736672,0.816042596,0,24.74351907,False,False,False,
synthetic_manifold_df_size_500_targets_5_seed_1,4,5,5,10,sing-depthMIP,sing-depthMIP,mse,0.474188176,0.93630519,0,401.373414,False,False,False,20.0
synthetic_manifold_df_size_500_targets_5_seed_2,0,5,5,10,sklearn,sklearn,sklearn,0.574107239,0.0,100,0.004007339,,,,
synthetic_manifold_df_size_500_targets_5_seed_2,0,5,5,10,mean,optimal,mse,0.698707157,0.21703248,0,0.431156874,True,True,False,
synthetic_manifold_df_size_500_targets_5_seed_2,0,5,5,10,mean,optimal,mse,0.678070027,0.181086008,0,5.386505842,True,True,False,20.0
synthetic_manifold_df_size_500_targets_5_seed_2,0,5,5,10,optimal,optimal,mse,0.649999673,0.132192086,0,9.305104494,True,True,False,
synthetic_manifold_df_size_500_targets_5_seed_2,0,5,5,10,optimal,optimal,mse,0.654933766,0.140786461,0,111.4999709,True,True,False,20.0
synthetic_manifold_df_size_500_targets_5_seed_2,0,5,5,10,sing-depthMIP,sing-depthMIP,mse,0.663395029,0.155524584,0,30.10069847,False,False,False,
synthetic_manifold_df_size_500_targets_5_seed_2,0,5,5,10,sing-depthMIP,sing-depthMIP,mse,0.656058433,0.142745446,0,453.9010274,False,False,False,20.0
synthetic_manifold_df_size_500_targets_5_seed_2,1,5,5,10,sklearn,sklearn,sklearn,0.506922839,0.0,100,0.004644394,,,,
synthetic_manifold_df_size_500_targets_5_seed_2,1,5,5,10,mean,optimal,mse,0.639339813,0.261217219,0,0.386245251,True,True,False,
synthetic_manifold_df_size_500_targets_5_seed_2,1,5,5,10,mean,optimal,mse,0.618305522,0.219723151,0,5.449936152,True,True,False,20.0
synthetic_manifold_df_size_500_targets_5_seed_2,1,5,5,10,optimal,optimal,mse,0.671133048,0.323935314,0,9.47667098,True,True,False,
synthetic_manifold_df_size_500_targets_5_seed_2,1,5,5,10,optimal,optimal,mse,0.62096408,0.224967652,0,120.0955954,True,True,False,20.0
synthetic_manifold_df_size_500_targets_5_seed_2,1,5,5,10,sing-depthMIP,sing-depthMIP,mse,0.680347364,0.342112275,0,37.61937785,False,False,False,
synthetic_manifold_df_size_500_targets_5_seed_2,1,5,5,10,sing-depthMIP,sing-depthMIP,mse,0.619818194,0.22270718,0,468.7808928,False,False,False,20.0
synthetic_manifold_df_size_500_targets_5_seed_2,2,5,5,10,sklearn,sklearn,sklearn,0.456291121,0.0,100,0.006845474,,,,
synthetic_manifold_df_size_500_targets_5_seed_2,2,5,5,10,mean,optimal,mse,0.743907841,0.630335998,0,0.395397902,True,True,False,
synthetic_manifold_df_size_500_targets_5_seed_2,2,5,5,10,mean,optimal,mse,0.745228814,0.633231021,0,5.437050104,True,True,False,20.0
synthetic_manifold_df_size_500_targets_5_seed_2,2,5,5,10,optimal,optimal,mse,0.705011894,0.54509229,0,9.181850433,True,True,False,
synthetic_manifold_df_size_500_targets_5_seed_2,2,5,5,10,optimal,optimal,mse,0.714964633,0.566904548,0,109.2119677,True,True,False,20.0
synthetic_manifold_df_size_500_targets_5_seed_2,2,5,5,10,sing-depthMIP,sing-depthMIP,mse,0.705011894,0.54509229,0,28.78234959,False,False,False,
synthetic_manifold_df_size_500_targets_5_seed_2,2,5,5,10,sing-depthMIP,sing-depthMIP,mse,0.714964633,0.566904547,0,474.554909,False,False,False,20.0
synthetic_manifold_df_size_500_targets_5_seed_2,3,5,5,10,sklearn,sklearn,sklearn,0.443808867,0.0,100,0.003636599,,,,
synthetic_manifold_df_size_500_targets_5_seed_2,3,5,5,10,mean,optimal,mse,0.57566178,0.297093912,0,0.417934179,True,True,False,
synthetic_manifold_df_size_500_targets_5_seed_2,3,5,5,10,mean,optimal,mse,0.572217359,0.289332866,0,5.365255833,True,True,False,20.0
synthetic_manifold_df_size_500_targets_5_seed_2,3,5,5,10,optimal,optimal,mse,0.598325107,0.348159425,0,9.195742369,True,True,False,
synthetic_manifold_df_size_500_targets_5_seed_2,3,5,5,10,optimal,optimal,mse,0.551082799,0.241712007,0,111.5719705,True,True,False,20.0
synthetic_manifold_df_size_500_targets_5_seed_2,3,5,5,10,sing-depthMIP,sing-depthMIP,mse,0.603523988,0.359873658,0,25.6438427,False,False,False,
synthetic_manifold_df_size_500_targets_5_seed_2,3,5,5,10,sing-depthMIP,sing-depthMIP,mse,0.548053933,0.234887298,0,476.4573314,False,False,False,20.0
synthetic_manifold_df_size_500_targets_5_seed_2,4,5,5,10,sklearn,sklearn,sklearn,0.532380143,0.0,100,0.012342691,,,,
synthetic_manifold_df_size_500_targets_5_seed_2,4,5,5,10,mean,optimal,mse,0.691672182,0.299207325,0,0.43247509,True,True,False,
synthetic_manifold_df_size_500_targets_5_seed_2,4,5,5,10,mean,optimal,mse,0.583051292,0.09517851,0,5.556243181,True,True,False,20.0
synthetic_manifold_df_size_500_targets_5_seed_2,4,5,5,10,optimal,optimal,mse,0.624405795,0.172857033,0,9.340214729,True,True,False,
synthetic_manifold_df_size_500_targets_5_seed_2,4,5,5,10,optimal,optimal,mse,0.569654169,0.07001393,0,110.6137016,True,True,False,20.0
synthetic_manifold_df_size_500_targets_5_seed_2,4,5,5,10,sing-depthMIP,sing-depthMIP,mse,0.624405795,0.172857033,0,38.78601456,False,False,False,
synthetic_manifold_df_size_500_targets_5_seed_2,4,5,5,10,sing-depthMIP,sing-depthMIP,mse,0.568743434,0.068303244,0,472.8800123,False,False,False,20.0
synthetic_manifold_df_size_500_targets_9_seed_0,0,5,5,10,sklearn,sklearn,sklearn,0.757675272,0.0,100,0.001473904,,,,
synthetic_manifold_df_size_500_targets_9_seed_0,0,5,5,10,mean,optimal,mse,0.959229918,0.266017189,0,0.502307177,True,True,False,
synthetic_manifold_df_size_500_targets_9_seed_0,0,5,5,10,mean,optimal,mse,0.887741202,0.171664478,0,6.344629049,True,True,False,20.0
synthetic_manifold_df_size_500_targets_9_seed_0,0,5,5,10,optimal,optimal,mse,0.911134087,0.202539031,0,14.56808996,True,True,False,
synthetic_manifold_df_size_500_targets_9_seed_0,0,5,5,10,optimal,optimal,mse,0.863282373,0.139383064,0,175.627594,True,True,False,20.0
synthetic_manifold_df_size_500_targets_9_seed_0,0,5,5,10,sing-depthMIP,sing-depthMIP,mse,0.911134088,0.202539032,0,89.14380765,False,False,False,
synthetic_manifold_df_size_500_targets_9_seed_0,0,5,5,10,sing-depthMIP,sing-depthMIP,mse,0.864132436,0.140505001,0,1053.911515,False,False,False,20.0
synthetic_manifold_df_size_500_targets_9_seed_0,1,5,5,10,sklearn,sklearn,sklearn,0.77239136,0.0,100,0.0,,,,
synthetic_manifold_df_size_500_targets_9_seed_0,1,5,5,10,mean,optimal,mse,0.986677205,0.277431696,0,0.476557255,True,True,False,
synthetic_manifold_df_size_500_targets_9_seed_0,1,5,5,10,mean,optimal,mse,0.884543901,0.145201703,0,6.455212116,True,True,False,20.0
synthetic_manifold_df_size_500_targets_9_seed_0,1,5,5,10,optimal,optimal,mse,0.913868683,0.183167925,0,14.74201322,True,True,False,
synthetic_manifold_df_size_500_targets_9_seed_0,1,5,5,10,optimal,optimal,mse,0.856707248,0.109162132,0,175.8874021,True,True,False,20.0
synthetic_manifold_df_size_500_targets_9_seed_0,1,5,5,10,sing-depthMIP,sing-depthMIP,mse,0.913868683,0.183167926,0,85.09750938,False,False,False,
synthetic_manifold_df_size_500_targets_9_seed_0,1,5,5,10,sing-depthMIP,sing-depthMIP,mse,0.857544906,0.110246632,0,1077.319488,False,False,False,20.0
synthetic_manifold_df_size_500_targets_9_seed_0,2,5,5,10,sklearn,sklearn,sklearn,0.86279642,0.0,100,0.006171703,,,,
synthetic_manifold_df_size_500_targets_9_seed_0,2,5,5,10,mean,optimal,mse,1.059661702,0.228171185,0,0.486501932,True,True,False,
synthetic_manifold_df_size_500_targets_9_seed_0,2,5,5,10,mean,optimal,mse,0.995495239,0.153800845,0,6.370408297,True,True,False,20.0
synthetic_manifold_df_size_500_targets_9_seed_0,2,5,5,10,optimal,optimal,mse,1.016118585,0.177703756,0,14.59915328,True,True,False,
synthetic_manifold_df_size_500_targets_9_seed_0,2,5,5,10,optimal,optimal,mse,0.992470657,0.150295288,0,176.0710542,True,True,False,20.0
synthetic_manifold_df_size_500_targets_9_seed_0,2,5,5,10,sing-depthMIP,sing-depthMIP,mse,1.017212225,0.178971309,0,109.719563,False,False,False,
synthetic_manifold_df_size_500_targets_9_seed_0,2,5,5,10,sing-depthMIP,sing-depthMIP,mse,0.992613462,0.150460803,0,1100.866587,False,False,False,20.0
synthetic_manifold_df_size_500_targets_9_seed_0,3,5,5,10,sklearn,sklearn,sklearn,0.764643307,0.0,100,0.002004862,,,,
synthetic_manifold_df_size_500_targets_9_seed_0,3,5,5,10,mean,optimal,mse,0.971175406,0.270102539,0,0.470073223,True,True,False,
synthetic_manifold_df_size_500_targets_9_seed_0,3,5,5,10,mean,optimal,mse,0.899836373,0.1768054,0,6.419295073,True,True,False,20.0
synthetic_manifold_df_size_500_targets_9_seed_0,3,5,5,10,optimal,optimal,mse,0.91198759,0.192696754,0,15.06029296,True,True,False,
synthetic_manifold_df_size_500_targets_9_seed_0,3,5,5,10,optimal,optimal,mse,0.893463222,0.168470597,0,178.7104239,True,True,False,20.0
synthetic_manifold_df_size_500_targets_9_seed_0,3,5,5,10,sing-depthMIP,sing-depthMIP,mse,0.913700858,0.194937364,0,94.92244124,False,False,False,
synthetic_manifold_df_size_500_targets_9_seed_0,3,5,5,10,sing-depthMIP,sing-depthMIP,mse,0.892918628,0.167758379,0,1071.045424,False,False,False,20.0
synthetic_manifold_df_size_500_targets_9_seed_0,4,5,5,10,sklearn,sklearn,sklearn,0.695585268,0.0,100,0.002151966,,,,
synthetic_manifold_df_size_500_targets_9_seed_0,4,5,5,10,mean,optimal,mse,0.882749732,0.269074797,0,0.456394434,True,True,False,
synthetic_manifold_df_size_500_targets_9_seed_0,4,5,5,10,mean,optimal,mse,0.861660216,0.238755701,0,6.395917416,True,True,False,20.0
synthetic_manifold_df_size_500_targets_9_seed_0,4,5,5,10,optimal,optimal,mse,0.890485808,0.280196475,0,14.5747993,True,True,False,
synthetic_manifold_df_size_500_targets_9_seed_0,4,5,5,10,optimal,optimal,mse,0.850421759,0.222598865,0,176.1104574,True,True,False,20.0
synthetic_manifold_df_size_500_targets_9_seed_0,4,5,5,10,sing-depthMIP,sing-depthMIP,mse,0.890485808,0.280196476,0,95.70403266,False,False,False,
synthetic_manifold_df_size_500_targets_9_seed_0,4,5,5,10,sing-depthMIP,sing-depthMIP,mse,0.849942203,0.221909437,0,1146.768888,False,False,False,20.0
synthetic_manifold_df_size_500_targets_9_seed_1,0,5,5,10,sklearn,sklearn,sklearn,0.387388758,0.0,100,0.004006863,,,,
synthetic_manifold_df_size_500_targets_9_seed_1,0,5,5,10,mean,optimal,mse,0.587679205,0.517026999,0,0.467977762,True,True,False,
synthetic_manifold_df_size_500_targets_9_seed_1,0,5,5,10,mean,optimal,mse,0.519375766,0.340709442,0,6.580139875,True,True,False,20.0
synthetic_manifold_df_size_500_targets_9_seed_1,0,5,5,10,optimal,optimal,mse,0.538734137,0.390680875,0,15.1440084,True,True,False,
synthetic_manifold_df_size_500_targets_9_seed_1,0,5,5,10,optimal,optimal,mse,0.501490719,0.294541229,0,180.796634,True,True,False,20.0
synthetic_manifold_df_size_500_targets_9_seed_1,0,5,5,10,sing-depthMIP,sing-depthMIP,mse,0.538734137,0.390680874,0,89.25859141,False,False,False,
synthetic_manifold_df_size_500_targets_9_seed_1,0,5,5,10,sing-depthMIP,sing-depthMIP,mse,0.501727661,0.295152868,0,1171.195914,False,False,False,20.0
synthetic_manifold_df_size_500_targets_9_seed_1,1,5,5,10,sklearn,sklearn,sklearn,0.350811785,0.0,100,0.004709244,,,,
synthetic_manifold_df_size_500_targets_9_seed_1,1,5,5,10,mean,optimal,mse,0.560183217,0.596819836,0,0.48969841,True,True,False,
synthetic_manifold_df_size_500_targets_9_seed_1,1,5,5,10,mean,optimal,mse,0.518634559,0.478384083,0,6.840027571,True,True,False,20.0
synthetic_manifold_df_size_500_targets_9_seed_1,1,5,5,10,optimal,optimal,mse,0.558009641,0.590623989,0,14.94843245,True,True,False,
synthetic_manifold_df_size_500_targets_9_seed_1,1,5,5,10,optimal,optimal,mse,0.501179904,0.42862904,0,180.970377,True,True,False,20.0
synthetic_manifold_df_size_500_targets_9_seed_1,1,5,5,10,sing-depthMIP,sing-depthMIP,mse,0.55800964,0.590623987,0,75.35047746,False,False,False,
synthetic_manifold_df_size_500_targets_9_seed_1,1,5,5,10,sing-depthMIP,sing-depthMIP,mse,0.501395313,0.429243072,0,1194.583893,False,False,False,20.0
synthetic_manifold_df_size_500_targets_9_seed_1,2,5,5,10,sklearn,sklearn,sklearn,0.340279541,0.0,100,0.0,,,,
synthetic_manifold_df_size_500_targets_9_seed_1,2,5,5,10,mean,optimal,mse,0.570592433,0.676834381,0,0.462783337,True,True,False,
synthetic_manifold_df_size_500_targets_9_seed_1,2,5,5,10,mean,optimal,mse,0.521250699,0.531830852,0,6.521822453,True,True,False,20.0
synthetic_manifold_df_size_500_targets_9_seed_1,2,5,5,10,optimal,optimal,mse,0.573367641,0.684990051,0,14.71797848,True,True,False,
synthetic_manifold_df_size_500_targets_9_seed_1,2,5,5,10,optimal,optimal,mse,0.503501664,0.479670693,0,179.0903823,True,True,False,20.0
synthetic_manifold_df_size_500_targets_9_seed_1,2,5,5,10,sing-depthMIP,sing-depthMIP,mse,0.572694412,0.683011593,0,106.6600442,False,False,False,
synthetic_manifold_df_size_500_targets_9_seed_1,2,5,5,10,sing-depthMIP,sing-depthMIP,mse,0.504392877,0.482289754,0,1177.07064,False,False,False,20.0
synthetic_manifold_df_size_500_targets_9_seed_1,3,5,5,10,sklearn,sklearn,sklearn,0.343252345,0.0,100,0.0,,,,
synthetic_manifold_df_size_500_targets_9_seed_1,3,5,5,10,mean,optimal,mse,0.605696454,0.764580675,0,0.502129078,True,True,False,
synthetic_manifold_df_size_500_targets_9_seed_1,3,5,5,10,mean,optimal,mse,0.573258718,0.670079541,0,6.491407394,True,True,False,20.0
synthetic_manifold_df_size_500_targets_9_seed_1,3,5,5,10,optimal,optimal,mse,0.619027554,0.803418282,0,14.40347576,True,True,False,
synthetic_manifold_df_size_500_targets_9_seed_1,3,5,5,10,optimal,optimal,mse,0.557098929,0.62300109,0,176.8724489,True,True,False,20.0
synthetic_manifold_df_size_500_targets_9_seed_1,3,5,5,10,sing-depthMIP,sing-depthMIP,mse,0.619027554,0.803418283,0,88.77897954,False,False,False,
synthetic_manifold_df_size_500_targets_9_seed_1,3,5,5,10,sing-depthMIP,sing-depthMIP,mse,0.557013725,0.622752862,0,1134.802391,False,False,False,20.0
synthetic_manifold_df_size_500_targets_9_seed_1,4,5,5,10,sklearn,sklearn,sklearn,0.374657623,0.0,100,0.0,,,,
synthetic_manifold_df_size_500_targets_9_seed_1,4,5,5,10,mean,optimal,mse,0.641567219,0.712409354,0,0.480855465,True,True,False,
synthetic_manifold_df_size_500_targets_9_seed_1,4,5,5,10,mean,optimal,mse,0.601139792,0.604504366,0,6.832865715,True,True,False,20.0
synthetic_manifold_df_size_500_targets_9_seed_1,4,5,5,10,optimal,optimal,mse,0.628420086,0.677318295,0,14.83387756,True,True,False,
synthetic_manifold_df_size_500_targets_9_seed_1,4,5,5,10,optimal,optimal,mse,0.592806935,0.582263107,0,179.007905,True,True,False,20.0
synthetic_manifold_df_size_500_targets_9_seed_1,4,5,5,10,sing-depthMIP,sing-depthMIP,mse,0.629229518,0.679478753,0,87.17536783,False,False,False,
synthetic_manifold_df_size_500_targets_9_seed_1,4,5,5,10,sing-depthMIP,sing-depthMIP,mse,0.592235357,0.580737506,0,1175.242127,False,False,False,20.0
synthetic_manifold_df_size_500_targets_9_seed_2,0,5,5,10,sklearn,sklearn,sklearn,0.782533127,0.0,100,0.0,,,,
synthetic_manifold_df_size_500_targets_9_seed_2,0,5,5,10,mean,optimal,mse,1.363559902,0.742494797,0,0.486295223,True,True,False,
synthetic_manifold_df_size_500_targets_9_seed_2,0,5,5,10,mean,optimal,mse,1.31327336,0.678233565,0,6.375098705,True,True,False,20.0
synthetic_manifold_df_size_500_targets_9_seed_2,0,5,5,10,optimal,optimal,mse,1.298137998,0.658892069,0,14.72420335,True,True,False,
synthetic_manifold_df_size_500_targets_9_seed_2,0,5,5,10,optimal,optimal,mse,1.295776769,0.655874652,0,178.1650386,True,True,False,20.0
synthetic_manifold_df_size_500_targets_9_seed_2,0,5,5,10,sing-depthMIP,sing-depthMIP,mse,1.299702294,0.660891085,0,61.54474568,False,False,False,
synthetic_manifold_df_size_500_targets_9_seed_2,0,5,5,10,sing-depthMIP,sing-depthMIP,mse,1.2961113,0.656302149,0,989.2859757,False,False,False,20.0
synthetic_manifold_df_size_500_targets_9_seed_2,1,5,5,10,sklearn,sklearn,sklearn,0.797273246,0.0,100,0.002004862,,,,
synthetic_manifold_df_size_500_targets_9_seed_2,1,5,5,10,mean,optimal,mse,1.344597906,0.686495707,0,0.467605591,True,True,False,
synthetic_manifold_df_size_500_targets_9_seed_2,1,5,5,10,mean,optimal,mse,1.274462473,0.598526577,0,6.298870325,True,True,False,20.0
synthetic_manifold_df_size_500_targets_9_seed_2,1,5,5,10,optimal,optimal,mse,1.356730251,0.701713005,0,14.67987657,True,True,False,
synthetic_manifold_df_size_500_targets_9_seed_2,1,5,5,10,optimal,optimal,mse,1.270430319,0.593469146,0,185.0273702,True,True,False,20.0
synthetic_manifold_df_size_500_targets_9_seed_2,1,5,5,10,sing-depthMIP,sing-depthMIP,mse,1.356309264,0.701184972,0,71.9988718,False,False,False,
synthetic_manifold_df_size_500_targets_9_seed_2,1,5,5,10,sing-depthMIP,sing-depthMIP,mse,1.268895823,0.591544466,0,1046.617527,False,False,False,20.0
synthetic_manifold_df_size_500_targets_9_seed_2,2,5,5,10,sklearn,sklearn,sklearn,0.723922902,0.0,100,0.007648468,,,,
synthetic_manifold_df_size_500_targets_9_seed_2,2,5,5,10,mean,optimal,mse,1.304310535,0.801725752,0,0.473998785,True,True,False,
synthetic_manifold_df_size_500_targets_9_seed_2,2,5,5,10,mean,optimal,mse,1.273939966,0.759772985,0,6.179502249,True,True,False,20.0
synthetic_manifold_df_size_500_targets_9_seed_2,2,5,5,10,optimal,optimal,mse,1.29476528,0.788540295,0,14.59109879,True,True,False,
synthetic_manifold_df_size_500_targets_9_seed_2,2,5,5,10,optimal,optimal,mse,1.262231666,0.743599577,0,181.3611519,True,True,False,20.0
synthetic_manifold_df_size_500_targets_9_seed_2,2,5,5,10,sing-depthMIP,sing-depthMIP,mse,1.29476528,0.788540295,0,78.22141933,False,False,False,
synthetic_manifold_df_size_500_targets_9_seed_2,2,5,5,10,sing-depthMIP,sing-depthMIP,mse,1.262325781,0.743729586,0,1100.375337,False,False,False,20.0
synthetic_manifold_df_size_500_targets_9_seed_2,3,5,5,10,sklearn,sklearn,sklearn,0.80761204,0.0,100,0.0,,,,
synthetic_manifold_df_size_500_targets_9_seed_2,3,5,5,10,mean,optimal,mse,1.309573926,0.62153839,0,0.459347248,True,True,False,
synthetic_manifold_df_size_500_targets_9_seed_2,3,5,5,10,mean,optimal,mse,1.219778978,0.510352643,0,6.217858076,True,True,False,20.0
synthetic_manifold_df_size_500_targets_9_seed_2,3,5,5,10,optimal,optimal,mse,1.274637626,0.578279624,0,14.69270205,True,True,False,
synthetic_manifold_df_size_500_targets_9_seed_2,3,5,5,10,optimal,optimal,mse,1.183902563,0.465929809,0,185.9858222,True,True,False,20.0
synthetic_manifold_df_size_500_targets_9_seed_2,3,5,5,10,sing-depthMIP,sing-depthMIP,mse,1.2754835,0.579327,0,70.67611909,False,False,False,
synthetic_manifold_df_size_500_targets_9_seed_2,3,5,5,10,sing-depthMIP,sing-depthMIP,mse,1.183585804,0.465537593,0,1056.336011,False,False,False,20.0
synthetic_manifold_df_size_500_targets_9_seed_2,4,5,5,10,sklearn,sklearn,sklearn,0.771786356,0.0,100,0.0,,,,
synthetic_manifold_df_size_500_targets_9_seed_2,4,5,5,10,mean,optimal,mse,1.308081306,0.694874878,0,0.483154774,True,True,False,
synthetic_manifold_df_size_500_targets_9_seed_2,4,5,5,10,mean,optimal,mse,1.255027174,0.626132886,0,6.274719715,True,True,False,20.0
synthetic_manifold_df_size_500_targets_9_seed_2,4,5,5,10,optimal,optimal,mse,1.280353719,0.658948374,0,14.76414633,True,True,False,
synthetic_manifold_df_size_500_targets_9_seed_2,4,5,5,10,optimal,optimal,mse,1.233646441,0.598429969,0,179.966732,True,True,False,20.0
synthetic_manifold_df_size_500_targets_9_seed_2,4,5,5,10,sing-depthMIP,sing-depthMIP,mse,1.28035372,0.658948374,0,78.51521063,False,False,False,
synthetic_manifold_df_size_500_targets_9_seed_2,4,5,5,10,sing-depthMIP,sing-depthMIP,mse,1.233430523,0.598150205,0,1048.075658,False,False,False,20.0
synthetic_manifold_df_size_2000_targets_5_seed_0,0,5,5,10,sklearn,sklearn,sklearn,0.510193057,0.0,400,0.004006863,,,,
synthetic_manifold_df_size_2000_targets_5_seed_0,0,5,5,10,mean,optimal,mse,0.51191891,0.003382746,0,0.796449184,True,True,False,
synthetic_manifold_df_size_2000_targets_5_seed_0,0,5,5,10,mean,optimal,mse,0.429748796,-0.157674158,0,10.56848955,True,True,False,20.0
synthetic_manifold_df_size_2000_targets_5_seed_0,0,5,5,10,optimal,optimal,mse,0.500842102,-0.018328268,0,30.11362243,True,True,False,
synthetic_manifold_df_size_2000_targets_5_seed_0,0,5,5,10,optimal,optimal,mse,0.413593609,-0.189339009,0,363.484329,True,True,False,20.0
synthetic_manifold_df_size_2000_targets_5_seed_0,0,5,5,10,sing-depthMIP,sing-depthMIP,mse,0.500842102,-0.018328268,0,321.0977087,False,False,False,
synthetic_manifold_df_size_2000_targets_5_seed_0,0,5,5,10,sing-depthMIP,sing-depthMIP,mse,0.417933869,-0.180831917,0,5856.01476,False,False,False,20.0
synthetic_manifold_df_size_2000_targets_5_seed_0,1,5,5,10,sklearn,sklearn,sklearn,0.487387584,0.0,400,0.0,,,,
synthetic_manifold_df_size_2000_targets_5_seed_0,1,5,5,10,mean,optimal,mse,0.50231195,0.030621147,0,0.724485159,True,True,False,
synthetic_manifold_df_size_2000_targets_5_seed_0,1,5,5,10,mean,optimal,mse,0.426239042,-0.125461838,0,10.66332912,True,True,False,20.0
synthetic_manifold_df_size_2000_targets_5_seed_0,1,5,5,10,optimal,optimal,mse,0.483520237,-0.007934848,0,30.5777216,True,True,False,
synthetic_manifold_df_size_2000_targets_5_seed_0,1,5,5,10,optimal,optimal,mse,0.415880814,-0.146714385,0,377.3074155,True,True,False,20.0
synthetic_manifold_df_size_2000_targets_5_seed_0,1,5,5,10,sing-depthMIP,sing-depthMIP,mse,0.509166975,0.044685978,0,355.2418299,False,False,False,
synthetic_manifold_df_size_2000_targets_5_seed_0,1,5,5,10,sing-depthMIP,sing-depthMIP,mse,0.432787041,-0.112026946,0,6448.467459,False,False,False,20.0
synthetic_manifold_df_size_2000_targets_5_seed_0,2,5,5,10,sklearn,sklearn,sklearn,0.46975699,0.0,400,0.0,,,,
synthetic_manifold_df_size_2000_targets_5_seed_0,2,5,5,10,mean,optimal,mse,0.471387654,0.003471291,0,0.763226032,True,True,False,
synthetic_manifold_df_size_2000_targets_5_seed_0,2,5,5,10,mean,optimal,mse,0.418901275,-0.108259624,0,11.00029254,True,True,False,20.0
synthetic_manifold_df_size_2000_targets_5_seed_0,2,5,5,10,optimal,optimal,mse,0.458313533,-0.024360378,0,31.10944986,True,True,False,
synthetic_manifold_df_size_2000_targets_5_seed_0,2,5,5,10,optimal,optimal,mse,0.406110238,-0.135488676,0,413.2480965,True,True,False,20.0
synthetic_manifold_df_size_2000_targets_5_seed_0,2,5,5,10,sing-depthMIP,sing-depthMIP,mse,0.478650374,0.018931882,0,395.3445003,False,False,False,
synthetic_manifold_df_size_2000_targets_5_seed_0,2,5,5,10,sing-depthMIP,sing-depthMIP,mse,0.404827321,-0.138219697,0,5728.353417,False,False,False,20.0
synthetic_manifold_df_size_2000_targets_5_seed_0,3,5,5,10,sklearn,sklearn,sklearn,0.460324882,0.0,400,0.0028584,,,,
synthetic_manifold_df_size_2000_targets_5_seed_0,3,5,5,10,mean,optimal,mse,0.472194168,0.025784585,0,0.827900887,True,True,False,
synthetic_manifold_df_size_2000_targets_5_seed_0,3,5,5,10,mean,optimal,mse,0.407873498,-0.113944274,0,10.98298049,True,True,False,20.0
synthetic_manifold_df_size_2000_targets_5_seed_0,3,5,5,10,optimal,optimal,mse,0.469765421,0.020508426,0,31.47825336,True,True,False,
synthetic_manifold_df_size_2000_targets_5_seed_0,3,5,5,10,optimal,optimal,mse,0.408669203,-0.1122157,0,554.6446197,True,True,False,20.0
synthetic_manifold_df_size_2000_targets_5_seed_0,3,5,5,10,sing-depthMIP,sing-depthMIP,mse,0.462086374,0.003826628,0,366.5852463,False,False,False,
synthetic_manifold_df_size_2000_targets_5_seed_0,3,5,5,10,sing-depthMIP,sing-depthMIP,mse,0.397684548,-0.136078533,0,5997.523391,False,False,False,20.0
synthetic_manifold_df_size_2000_targets_5_seed_0,4,5,5,10,sklearn,sklearn,sklearn,0.448670691,0.0,400,0.0,,,,
synthetic_manifold_df_size_2000_targets_5_seed_0,4,5,5,10,mean,optimal,mse,0.479592033,0.068917678,0,0.79728508,True,True,False,
synthetic_manifold_df_size_2000_targets_5_seed_0,4,5,5,10,mean,optimal,mse,0.414742439,-0.075619496,0,10.98983288,True,True,False,20.0
synthetic_manifold_df_size_2000_targets_5_seed_0,4,5,5,10,optimal,optimal,mse,0.478484893,0.066450077,0,31.07291937,True,True,False,
synthetic_manifold_df_size_2000_targets_5_seed_0,4,5,5,10,optimal,optimal,mse,0.411881632,-0.081995682,0,370.7942352,True,True,False,20.0
synthetic_manifold_df_size_2000_targets_5_seed_0,4,5,5,10,sing-depthMIP,sing-depthMIP,mse,0.503740729,0.122740441,0,336.7603457,False,False,False,
synthetic_manifold_df_size_2000_targets_5_seed_0,4,5,5,10,sing-depthMIP,sing-depthMIP,mse,0.402192565,-0.103590733,0,5999.828313,False,False,False,20.0
synthetic_manifold_df_size_2000_targets_5_seed_1,0,5,5,10,sklearn,sklearn,sklearn,0.184989815,0.0,400,0.003745556,,,,
synthetic_manifold_df_size_2000_targets_5_seed_1,0,5,5,10,mean,optimal,mse,0.393856784,1.1290728,0,0.758966446,True,True,False,
synthetic_manifold_df_size_2000_targets_5_seed_1,0,5,5,10,mean,optimal,mse,0.436324991,1.358643313,0,10.91938186,True,True,False,20.0
synthetic_manifold_df_size_2000_targets_5_seed_1,0,5,5,10,optimal,optimal,mse,0.395548257,1.138216403,0,30.97194099,True,True,False,
synthetic_manifold_df_size_2000_targets_5_seed_1,0,5,5,10,optimal,optimal,mse,0.430542132,1.327382896,0,384.4484718,True,True,False,20.0
synthetic_manifold_df_size_2000_targets_5_seed_1,0,5,5,10,sing-depthMIP,sing-depthMIP,mse,0.411151712,1.222564043,0,337.5892727,False,False,False,
synthetic_manifold_df_size_2000_targets_5_seed_1,0,5,5,10,sing-depthMIP,sing-depthMIP,mse,0.429603333,1.322308024,0,5020.879319,False,False,False,20.0
synthetic_manifold_df_size_2000_targets_5_seed_1,1,5,5,10,sklearn,sklearn,sklearn,0.209022845,0.0,400,0.006014824,,,,
synthetic_manifold_df_size_2000_targets_5_seed_1,1,5,5,10,mean,optimal,mse,0.461181086,1.206366899,0,0.802430153,True,True,False,
synthetic_manifold_df_size_2000_targets_5_seed_1,1,5,5,10,mean,optimal,mse,0.495479601,1.370456692,0,11.21176529,True,True,False,20.0
synthetic_manifold_df_size_2000_targets_5_seed_1,1,5,5,10,optimal,optimal,mse,0.460821688,1.204647483,0,31.94756579,True,True,False,
synthetic_manifold_df_size_2000_targets_5_seed_1,1,5,5,10,optimal,optimal,mse,0.491793133,1.352820015,0,377.6111596,True,True,False,20.0
synthetic_manifold_df_size_2000_targets_5_seed_1,1,5,5,10,sing-depthMIP,sing-depthMIP,mse,0.455461007,1.179001093,0,291.6882081,False,False,False,
synthetic_manifold_df_size_2000_targets_5_seed_1,1,5,5,10,sing-depthMIP,sing-depthMIP,mse,0.494117709,1.363941175,0,5783.888191,False,False,False,20.0
synthetic_manifold_df_size_2000_targets_5_seed_1,2,5,5,10,sklearn,sklearn,sklearn,0.184085966,0.0,400,0.015880823,,,,
synthetic_manifold_df_size_2000_targets_5_seed_1,2,5,5,10,mean,optimal,mse,0.391882619,1.128802248,0,0.74932909,True,True,False,
synthetic_manifold_df_size_2000_targets_5_seed_1,2,5,5,10,mean,optimal,mse,0.429568131,1.333519167,0,11.34336925,True,True,False,20.0
synthetic_manifold_df_size_2000_targets_5_seed_1,2,5,5,10,optimal,optimal,mse,0.392170835,1.130367906,0,30.9239738,True,True,False,
synthetic_manifold_df_size_2000_targets_5_seed_1,2,5,5,10,optimal,optimal,mse,0.420134007,1.282270697,0,384.8602331,True,True,False,20.0
synthetic_manifold_df_size_2000_targets_5_seed_1,2,5,5,10,sing-depthMIP,sing-depthMIP,mse,0.39657236,1.154278065,0,387.0470006,False,False,False,
synthetic_manifold_df_size_2000_targets_5_seed_1,2,5,5,10,sing-depthMIP,sing-depthMIP,mse,0.421678489,1.290660703,0,4751.683315,False,False,False,20.0
synthetic_manifold_df_size_2000_targets_5_seed_1,3,5,5,10,sklearn,sklearn,sklearn,0.178307145,0.0,400,0.0,,,,
synthetic_manifold_df_size_2000_targets_5_seed_1,3,5,5,10,mean,optimal,mse,0.405154576,1.272228495,0,0.774014235,True,True,False,
synthetic_manifold_df_size_2000_targets_5_seed_1,3,5,5,10,mean,optimal,mse,0.437203921,1.451970846,0,11.06113744,True,True,False,20.0
synthetic_manifold_df_size_2000_targets_5_seed_1,3,5,5,10,optimal,optimal,mse,0.408380909,1.290322741,0,31.05970454,True,True,False,
synthetic_manifold_df_size_2000_targets_5_seed_1,3,5,5,10,optimal,optimal,mse,0.434873788,1.43890276,0,381.1253171,True,True,False,20.0
synthetic_manifold_df_size_2000_targets_5_seed_1,3,5,5,10,sing-depthMIP,sing-depthMIP,mse,0.417095659,1.339197671,0,371.4449897,False,False,False,
synthetic_manifold_df_size_2000_targets_5_seed_1,3,5,5,10,sing-depthMIP,sing-depthMIP,mse,0.432750106,1.426992514,0,5007.080906,False,False,False,20.0
synthetic_manifold_df_size_2000_targets_5_seed_1,4,5,5,10,sklearn,sklearn,sklearn,0.181746594,0.0,400,0.004005909,,,,
synthetic_manifold_df_size_2000_targets_5_seed_1,4,5,5,10,mean,optimal,mse,0.40997543,1.255753026,0,0.716885567,True,True,False,
synthetic_manifold_df_size_2000_targets_5_seed_1,4,5,5,10,mean,optimal,mse,0.44767146,1.463162856,0,10.98591828,True,True,False,20.0
synthetic_manifold_df_size_2000_targets_5_seed_1,4,5,5,10,optimal,optimal,mse,0.418194258,1.300974388,0,31.42771482,True,True,False,
synthetic_manifold_df_size_2000_targets_5_seed_1,4,5,5,10,optimal,optimal,mse,0.445821707,1.452985211,0,382.5512831,True,True,False,20.0
synthetic_manifold_df_size_2000_targets_5_seed_1,4,5,5,10,sing-depthMIP,sing-depthMIP,mse,0.421903141,1.321381277,0,296.5956051,False,False,False,
synthetic_manifold_df_size_2000_targets_5_seed_1,4,5,5,10,sing-depthMIP,sing-depthMIP,mse,0.445157339,1.449329746,0,5016.031245,False,False,False,20.0
synthetic_manifold_df_size_2000_targets_5_seed_2,0,5,5,10,sklearn,sklearn,sklearn,0.457618849,0.0,400,0.005360842,,,,
synthetic_manifold_df_size_2000_targets_5_seed_2,0,5,5,10,mean,optimal,mse,0.623131954,0.36168332,0,0.761267424,True,True,False,
synthetic_manifold_df_size_2000_targets_5_seed_2,0,5,5,10,mean,optimal,mse,0.597073333,0.304739379,0,10.60598826,True,True,False,20.0
synthetic_manifold_df_size_2000_targets_5_seed_2,0,5,5,10,optimal,optimal,mse,0.565188094,0.235062969,0,29.92619395,True,True,False,
synthetic_manifold_df_size_2000_targets_5_seed_2,0,5,5,10,optimal,optimal,mse,0.57986302,0.267130979,0,381.782953,True,True,False,20.0
synthetic_manifold_df_size_2000_targets_5_seed_2,0,5,5,10,sing-depthMIP,sing-depthMIP,mse,0.62175736,0.358679524,0,457.3601522,False,False,False,
synthetic_manifold_df_size_2000_targets_5_seed_2,0,5,5,10,sing-depthMIP,sing-depthMIP,mse,0.581193336,0.270038018,0,5714.35537,False,False,False,20.0
synthetic_manifold_df_size_2000_targets_5_seed_2,1,5,5,10,sklearn,sklearn,sklearn,0.419824822,0.0,400,0.0,,,,
synthetic_manifold_df_size_2000_targets_5_seed_2,1,5,5,10,mean,optimal,mse,0.622451304,0.482645313,0,0.734839439,True,True,False,
synthetic_manifold_df_size_2000_targets_5_seed_2,1,5,5,10,mean,optimal,mse,0.640253722,0.525049708,0,10.61068654,True,True,False,20.0
synthetic_manifold_df_size_2000_targets_5_seed_2,1,5,5,10,optimal,optimal,mse,0.587613837,0.399664351,0,30.05354166,True,True,False,
synthetic_manifold_df_size_2000_targets_5_seed_2,1,5,5,10,optimal,optimal,mse,0.617813582,0.47159851,0,363.9311662,True,True,False,20.0
synthetic_manifold_df_size_2000_targets_5_seed_2,1,5,5,10,sing-depthMIP,sing-depthMIP,mse,0.604585207,0.440089236,0,294.2878628,False,False,False,
synthetic_manifold_df_size_2000_targets_5_seed_2,1,5,5,10,sing-depthMIP,sing-depthMIP,mse,0.6171841,0.470099119,0,6197.539572,False,False,False,20.0
synthetic_manifold_df_size_2000_targets_5_seed_2,2,5,5,10,sklearn,sklearn,sklearn,0.456568844,0.0,400,0.004008532,,,,
synthetic_manifold_df_size_2000_targets_5_seed_2,2,5,5,10,mean,optimal,mse,0.688645956,0.508306941,0,0.733099699,True,True,False,
synthetic_manifold_df_size_2000_targets_5_seed_2,2,5,5,10,mean,optimal,mse,0.679631424,0.48856286,0,10.75926805,True,True,False,20.0
synthetic_manifold_df_size_2000_targets_5_seed_2,2,5,5,10,optimal,optimal,mse,0.665907332,0.458503665,0,30.13713384,True,True,False,
synthetic_manifold_df_size_2000_targets_5_seed_2,2,5,5,10,optimal,optimal,mse,0.672369144,0.47265665,0,370.1229014,True,True,False,20.0
synthetic_manifold_df_size_2000_targets_5_seed_2,2,5,5,10,sing-depthMIP,sing-depthMIP,mse,0.70126925,0.535955113,0,459.3422456,False,False,False,
synthetic_manifold_df_size_2000_targets_5_seed_2,2,5,5,10,sing-depthMIP,sing-depthMIP,mse,0.672817562,0.473638798,0,6367.814454,False,False,False,20.0
synthetic_manifold_df_size_2000_targets_5_seed_2,3,5,5,10,sklearn,sklearn,sklearn,0.434070447,0.0,400,0.004005194,,,,
synthetic_manifold_df_size_2000_targets_5_seed_2,3,5,5,10,mean,optimal,mse,0.653907233,0.506454164,0,0.731429577,True,True,False,
synthetic_manifold_df_size_2000_targets_5_seed_2,3,5,5,10,mean,optimal,mse,0.638705145,0.471431997,0,11.08260083,True,True,False,20.0
synthetic_manifold_df_size_2000_targets_5_seed_2,3,5,5,10,optimal,optimal,mse,0.641775963,0.478506465,0,30.18038917,True,True,False,
synthetic_manifold_df_size_2000_targets_5_seed_2,3,5,5,10,optimal,optimal,mse,0.621822826,0.432538957,0,366.8114376,True,True,False,20.0
synthetic_manifold_df_size_2000_targets_5_seed_2,3,5,5,10,sing-depthMIP,sing-depthMIP,mse,0.663240955,0.527956945,0,517.689167,False,False,False,
synthetic_manifold_df_size_2000_targets_5_seed_2,3,5,5,10,sing-depthMIP,sing-depthMIP,mse,0.620227061,0.428862677,0,6003.111133,False,False,False,20.0
synthetic_manifold_df_size_1000_targets_5_seed_0,0,5,5,10,sklearn,sklearn,sklearn,0.4503950082208473,0.0,200,0.0,,,,
synthetic_manifold_df_size_1000_targets_5_seed_0,0,5,5,10,mean,optimal,mse,0.48941246729113397,0.08662942163682855,0,0.5471487045288086,True,True,False,
synthetic_manifold_df_size_1000_targets_5_seed_0,0,5,5,10,mean,optimal,mse,0.4332760902524525,-0.038008676064190984,0,7.44328761100769,True,True,False,20.0
synthetic_manifold_df_size_1000_targets_5_seed_0,0,5,5,10,optimal,optimal,mse,0.47383341487552555,0.05203966790676641,0,16.939285278320312,True,True,False,
synthetic_manifold_df_size_1000_targets_5_seed_0,0,5,5,10,optimal,optimal,mse,0.4278915660888497,-0.049963791163873755,0,214.66863656044006,True,True,False,20.0
synthetic_manifold_df_size_1000_targets_5_seed_0,0,5,5,10,sing-depthMIP,sing-depthMIP,mse,0.4738334149371135,0.05203966804350851,0,93.68182492256165,False,False,False,
synthetic_manifold_df_size_1000_targets_5_seed_0,0,5,5,10,sing-depthMIP,sing-depthMIP,mse,0.4282129047101698,-0.04925033161069295,0,1742.8860802650452,False,False,False,20.0
synthetic_manifold_df_size_1000_targets_5_seed_0,1,5,5,10,sklearn,sklearn,sklearn,0.43859741744496256,0.0,200,0.0028061866760253906,,,,
synthetic_manifold_df_size_1000_targets_5_seed_0,1,5,5,10,mean,optimal,mse,0.44213411076130493,0.008063643732663288,0,0.5820932388305664,True,True,False,
synthetic_manifold_df_size_1000_targets_5_seed_0,1,5,5,10,mean,optimal,mse,0.41178987236797493,-0.06112107370160604,0,8.170770168304443,True,True,False,20.0
synthetic_manifold_df_size_1000_targets_5_seed_0,1,5,5,10,optimal,optimal,mse,0.4397518414396696,0.0026320811495701923,0,17.72458028793335,True,True,False,
synthetic_manifold_df_size_1000_targets_5_seed_0,1,5,5,10,optimal,optimal,mse,0.4014679088835608,-0.08465510074751166,0,211.0638644695282,True,True,False,20.0
synthetic_manifold_df_size_1000_targets_5_seed_0,1,5,5,10,sing-depthMIP,sing-depthMIP,mse,0.43975184151252245,0.002632081315674305,0,100.71955227851868,False,False,False,
synthetic_manifold_df_size_1000_targets_5_seed_0,1,5,5,10,sing-depthMIP,sing-depthMIP,mse,0.40186981483384415,-0.0837387571159768,0,1663.3506917953491,False,False,False,20.0
synthetic_manifold_df_size_1000_targets_5_seed_0,2,5,5,10,sklearn,sklearn,sklearn,0.5272852947020368,0.0,200,0.0,,,,
synthetic_manifold_df_size_1000_targets_5_seed_0,2,5,5,10,mean,optimal,mse,0.5368718212685766,0.018180910150276505,0,0.5771675109863281,True,True,False,
synthetic_manifold_df_size_1000_targets_5_seed_0,2,5,5,10,mean,optimal,mse,0.4659401926145697,-0.11634138616009106,0,7.952975749969482,True,True,False,20.0
synthetic_manifold_df_size_1000_targets_5_seed_0,2,5,5,10,optimal,optimal,mse,0.5524717067089069,0.04776619461975073,0,17.57387113571167,True,True,False,
synthetic_manifold_df_size_1000_targets_5_seed_0,2,5,5,10,optimal,optimal,mse,0.4575060418201698,-0.13233680814348991,0,213.36911463737488,True,True,False,20.0
synthetic_manifold_df_size_1000_targets_5_seed_0,2,5,5,10,sing-depthMIP,sing-depthMIP,mse,0.5524717066614592,0.04776619452976583,0,100.63594126701355,False,False,False,
synthetic_manifold_df_size_1000_targets_5_seed_0,2,5,5,10,sing-depthMIP,sing-depthMIP,mse,0.4576439822485117,-0.13207520322158542,0,1712.9322001934052,False,False,False,20.0
synthetic_manifold_df_size_1000_targets_5_seed_0,3,5,5,10,sklearn,sklearn,sklearn,0.5130305784615753,0.0,200,0.0020041465759277344,,,,
synthetic_manifold_df_size_1000_targets_5_seed_0,3,5,5,10,mean,optimal,mse,0.5063054311054258,-0.013108667667171387,0,0.5392971038818359,True,True,False,
synthetic_manifold_df_size_1000_targets_5_seed_0,3,5,5,10,mean,optimal,mse,0.40606974825727216,-0.20848821628731481,0,7.709845781326294,True,True,False,20.0
synthetic_manifold_df_size_1000_targets_5_seed_0,3,5,5,10,optimal,optimal,mse,0.5079892621482351,-0.009826541584436436,0,17.210450887680054,True,True,False,
synthetic_manifold_df_size_1000_targets_5_seed_0,3,5,5,10,optimal,optimal,mse,0.4029119424169251,-0.21464341633370657,0,231.6439173221588,True,True,False,20.0
synthetic_manifold_df_size_1000_targets_5_seed_0,3,5,5,10,sing-depthMIP,sing-depthMIP,mse,0.5079892620588267,-0.009826541758711586,0,110.23945617675781,False,False,False,
synthetic_manifold_df_size_1000_targets_5_seed_0,3,5,5,10,sing-depthMIP,sing-depthMIP,mse,0.40285507505822216,-0.21475426227757496,0,1587.0805923938751,False,False,False,20.0
synthetic_manifold_df_size_1000_targets_5_seed_0,4,5,5,10,sklearn,sklearn,sklearn,0.4926401807431173,0.0,200,0.0,,,,
synthetic_manifold_df_size_1000_targets_5_seed_0,4,5,5,10,mean,optimal,mse,0.5066572988079148,0.028453054811025644,0,0.5873632431030273,True,True,False,
synthetic_manifold_df_size_1000_targets_5_seed_0,4,5,5,10,mean,optimal,mse,0.4141832103978501,-0.15925816328444764,0,7.682216644287109,True,True,False,20.0
synthetic_manifold_df_size_1000_targets_5_seed_0,4,5,5,10,optimal,optimal,mse,0.5110602197477256,0.037390451945724115,0,17.26043391227722,True,True,False,
synthetic_manifold_df_size_1000_targets_5_seed_0,4,5,5,10,optimal,optimal,mse,0.4079172145508769,-0.17197737720955075,0,212.03465795516968,True,True,False,20.0
synthetic_manifold_df_size_1000_targets_5_seed_0,4,5,5,10,sing-depthMIP,sing-depthMIP,mse,0.5110602199585403,0.03739045237365246,0,109.99588656425476,False,False,False,
synthetic_manifold_df_size_1000_targets_5_seed_0,4,5,5,10,sing-depthMIP,sing-depthMIP,mse,0.4077892908024155,-0.17223704695120373,0,1841.4030170440674,False,False,False,20.0
synthetic_manifold_df_size_1000_targets_5_seed_1,0,5,5,10,sklearn,sklearn,sklearn,0.18958775000767145,0.0,200,0.0,,,,
synthetic_manifold_df_size_1000_targets_5_seed_1,0,5,5,10,mean,optimal,mse,0.3783277538726363,0.9955284761664596,0,0.5652189254760742,True,True,False,
synthetic_manifold_df_size_1000_targets_5_seed_1,0,5,5,10,mean,optimal,mse,0.3963148126235437,1.0904030593089862,0,7.867779493331909,True,True,False,20.0
synthetic_manifold_df_size_1000_targets_5_seed_1,0,5,5,10,optimal,optimal,mse,0.37423173847368746,0.9739236235386759,0,18.04556393623352,True,True,False,
synthetic_manifold_df_size_1000_targets_5_seed_1,0,5,5,10,optimal,optimal,mse,0.3883682862492008,1.0484882922735563,0,216.18591928482056,True,True,False,20.0
synthetic_manifold_df_size_1000_targets_5_seed_1,0,5,5,10,sing-depthMIP,sing-depthMIP,mse,0.3742317386766839,0.9739236246094015,0,74.48461079597473,False,False,False,
synthetic_manifold_df_size_1000_targets_5_seed_1,0,5,5,10,sing-depthMIP,sing-depthMIP,mse,0.3883021503477623,1.0481394516895215,0,1412.3849439620972,False,False,False,20.0
synthetic_manifold_df_size_1000_targets_5_seed_1,1,5,5,10,sklearn,sklearn,sklearn,0.18672554271253428,0.0,200,0.0,,,,
synthetic_manifold_df_size_1000_targets_5_seed_1,1,5,5,10,mean,optimal,mse,0.4282242350878761,1.2933350674317297,0,0.5764362812042236,True,True,False,
synthetic_manifold_df_size_1000_targets_5_seed_1,1,5,5,10,mean,optimal,mse,0.4722372834419145,1.529044910416612,0,7.970387935638428,True,True,False,20.0
synthetic_manifold_df_size_1000_targets_5_seed_1,1,5,5,10,optimal,optimal,mse,0.4283726104613071,1.2941296848754684,0,17.79420566558838,True,True,False,
synthetic_manifold_df_size_1000_targets_5_seed_1,1,5,5,10,optimal,optimal,mse,0.46473276004856723,1.4888547827868823,0,215.25791215896606,True,True,False,20.0
synthetic_manifold_df_size_1000_targets_5_seed_1,1,5,5,10,sing-depthMIP,sing-depthMIP,mse,0.42837261055360437,1.2941296853697624,0,94.48738384246826,False,False,False,
synthetic_manifold_df_size_1000_targets_5_seed_1,1,5,5,10,sing-depthMIP,sing-depthMIP,mse,0.4649021744756031,1.4897620739082513,0,1401.438905954361,False,False,False,20.0
synthetic_manifold_df_size_1000_targets_5_seed_1,2,5,5,10,sklearn,sklearn,sklearn,0.19784419286946195,0.0,200,0.0020036697387695312,,,,
synthetic_manifold_df_size_1000_targets_5_seed_1,2,5,5,10,mean,optimal,mse,0.4042203844859677,1.0431248379004645,0,0.5429263114929199,True,True,False,
synthetic_manifold_df_size_1000_targets_5_seed_1,2,5,5,10,mean,optimal,mse,0.4471720884711308,1.2602234717405933,0,7.881843328475952,True,True,False,20.0
synthetic_manifold_df_size_1000_targets_5_seed_1,2,5,5,10,optimal,optimal,mse,0.40153588821409975,1.0295560986166223,0,17.783680200576782,True,True,False,
synthetic_manifold_df_size_1000_targets_5_seed_1,2,5,5,10,optimal,optimal,mse,0.44301678533852307,1.2392205649969548,0,222.4472918510437,True,True,False,20.0
synthetic_manifold_df_size_1000_targets_5_seed_1,2,5,5,10,sing-depthMIP,sing-depthMIP,mse,0.4015358883116546,1.0295560991097115,0,74.36273503303528,False,False,False,
synthetic_manifold_df_size_1000_targets_5_seed_1,2,5,5,10,sing-depthMIP,sing-depthMIP,mse,0.4430167864777861,1.2392205707553396,0,1295.239340543747,False,False,False,20.0
synthetic_manifold_df_size_1000_targets_5_seed_1,3,5,5,10,sklearn,sklearn,sklearn,0.18587619568086847,0.0,200,0.0,,,,
synthetic_manifold_df_size_1000_targets_5_seed_1,3,5,5,10,mean,optimal,mse,0.43558880358196816,1.3434351127447874,0,0.6768202781677246,True,True,False,
synthetic_manifold_df_size_1000_targets_5_seed_1,3,5,5,10,mean,optimal,mse,0.47124439063382895,1.5352594984400811,0,7.954856634140015,True,True,False,20.0
synthetic_manifold_df_size_1000_targets_5_seed_1,3,5,5,10,optimal,optimal,mse,0.4342482869520728,1.3362232337573516,0,18.293469190597534,True,True,False,
synthetic_manifold_df_size_1000_targets_5_seed_1,3,5,5,10,optimal,optimal,mse,0.4668304591649998,1.5115128779938167,0,212.4183521270752,True,True,False,20.0
synthetic_manifold_df_size_1000_targets_5_seed_1,3,5,5,10,sing-depthMIP,sing-depthMIP,mse,0.4344508834723279,1.337313187850252,0,90.59686923027039,False,False,False,
synthetic_manifold_df_size_1000_targets_5_seed_1,3,5,5,10,sing-depthMIP,sing-depthMIP,mse,0.4666488336161384,1.510535746155089,0,1269.7586052417755,False,False,False,20.0
synthetic_manifold_df_size_1000_targets_5_seed_1,4,5,5,10,sklearn,sklearn,sklearn,0.20302951741480757,0.0,200,0.004007816314697266,,,,
synthetic_manifold_df_size_1000_targets_5_seed_1,4,5,5,10,mean,optimal,mse,0.4028291245165564,0.9840914249603433,0,0.549936056137085,True,True,False,
synthetic_manifold_df_size_1000_targets_5_seed_1,4,5,5,10,mean,optimal,mse,0.44020094218107086,1.1681622839190458,0,8.01436161994934,True,True,False,20.0
synthetic_manifold_df_size_1000_targets_5_seed_1,4,5,5,10,optimal,optimal,mse,0.39535283685426964,0.9472677760767575,0,17.69120192527771,True,True,False,
synthetic_manifold_df_size_1000_targets_5_seed_1,4,5,5,10,optimal,optimal,mse,0.4369228446590291,1.1520163679764672,0,215.651376247406,True,True,False,20.0
synthetic_manifold_df_size_1000_targets_5_seed_1,4,5,5,10,sing-depthMIP,sing-depthMIP,mse,0.39535283671570587,0.9472677753942765,0,88.95882821083069,False,False,False,
synthetic_manifold_df_size_1000_targets_5_seed_1,4,5,5,10,sing-depthMIP,sing-depthMIP,mse,0.43679635202418127,1.1513933421403304,0,1349.674238204956,False,False,False,20.0
synthetic_manifold_df_size_1000_targets_5_seed_2,0,5,5,10,sklearn,sklearn,sklearn,0.4395113513400542,0.0,200,0.0,,,,
synthetic_manifold_df_size_1000_targets_5_seed_2,0,5,5,10,mean,optimal,mse,0.6351928515996776,0.44522513391974433,0,0.520815372467041,True,True,False,
synthetic_manifold_df_size_1000_targets_5_seed_2,0,5,5,10,mean,optimal,mse,0.6382095288085842,0.4520888410793178,0,7.574744462966919,True,True,False,20.0
synthetic_manifold_df_size_1000_targets_5_seed_2,0,5,5,10,optimal,optimal,mse,0.6111275237070587,0.39047039819052,0,17.26434826850891,True,True,False,
synthetic_manifold_df_size_1000_targets_5_seed_2,0,5,5,10,optimal,optimal,mse,0.6164445468838367,0.4025679769232798,0,205.0154778957367,True,True,False,20.0
synthetic_manifold_df_size_1000_targets_5_seed_2,0,5,5,10,sing-depthMIP,sing-depthMIP,mse,0.6152139263433419,0.39976800250454725,0,111.28701210021973,False,False,False,
synthetic_manifold_df_size_1000_targets_5_seed_2,0,5,5,10,sing-depthMIP,sing-depthMIP,mse,0.6168329554059431,0.40345170500202493,0,1644.177344083786,False,False,False,20.0
synthetic_manifold_df_size_1000_targets_5_seed_2,1,5,5,10,sklearn,sklearn,sklearn,0.4386363847797784,0.0,200,0.005052328109741211,,,,
synthetic_manifold_df_size_1000_targets_5_seed_2,1,5,5,10,mean,optimal,mse,0.6774902703232405,0.544537329395009,0,0.5586156845092773,True,True,False,
synthetic_manifold_df_size_1000_targets_5_seed_2,1,5,5,10,mean,optimal,mse,0.6921664296028931,0.5779959292487828,0,7.485630035400391,True,True,False,20.0
synthetic_manifold_df_size_1000_targets_5_seed_2,1,5,5,10,optimal,optimal,mse,0.6744804802972222,0.5376756322571179,0,16.90740942955017,True,True,False,
synthetic_manifold_df_size_1000_targets_5_seed_2,1,5,5,10,optimal,optimal,mse,0.6782614562485729,0.54629547338874,0,202.8448338508606,True,True,False,20.0
synthetic_manifold_df_size_1000_targets_5_seed_2,1,5,5,10,sing-depthMIP,sing-depthMIP,mse,0.675075601627766,0.5390323854841504,0,94.50684642791748,False,False,False,
synthetic_manifold_df_size_1000_targets_5_seed_2,1,5,5,10,sing-depthMIP,sing-depthMIP,mse,0.6786320293797893,0.5471403032844687,0,1651.6423063278198,False,False,False,20.0
synthetic_manifold_df_size_1000_targets_5_seed_2,2,5,5,10,sklearn,sklearn,sklearn,0.45749637834974716,0.0,200,0.0,,,,
synthetic_manifold_df_size_1000_targets_5_seed_2,2,5,5,10,mean,optimal,mse,0.6240081903019689,0.3639631259002593,0,0.5510842800140381,True,True,False,
synthetic_manifold_df_size_1000_targets_5_seed_2,2,5,5,10,mean,optimal,mse,0.6165357107218725,0.34762970790239317,0,7.494444847106934,True,True,False,20.0
synthetic_manifold_df_size_1000_targets_5_seed_2,2,5,5,10,optimal,optimal,mse,0.6199591995258076,0.3551128027769014,0,17.01992893218994,True,True,False,
synthetic_manifold_df_size_1000_targets_5_seed_2,2,5,5,10,optimal,optimal,mse,0.6062224937574531,0.3250869787082941,0,204.4178786277771,True,True,False,20.0
synthetic_manifold_df_size_1000_targets_5_seed_2,2,5,5,10,sing-depthMIP,sing-depthMIP,mse,0.6199591983710149,0.35511280025274433,0,123.18637800216675,False,False,False,
synthetic_manifold_df_size_1000_targets_5_seed_2,2,5,5,10,sing-depthMIP,sing-depthMIP,mse,0.6059357715210323,0.3244602584762017,0,1733.4392368793488,False,False,False,20.0
synthetic_manifold_df_size_1000_targets_5_seed_2,3,5,5,10,sklearn,sklearn,sklearn,0.42572316291398715,0.0,200,0.0061457157135009766,,,,
synthetic_manifold_df_size_1000_targets_5_seed_2,3,5,5,10,mean,optimal,mse,0.6345753431055564,0.4905821397220184,0,0.5495405197143555,True,True,False,
synthetic_manifold_df_size_1000_targets_5_seed_2,3,5,5,10,mean,optimal,mse,0.6303230361985774,0.48059370762010317,0,8.02446174621582,True,True,False,20.0
synthetic_manifold_df_size_1000_targets_5_seed_2,3,5,5,10,optimal,optimal,mse,0.6224926645202743,0.46220060064254087,0,17.2825186252594,True,True,False,
synthetic_manifold_df_size_1000_targets_5_seed_2,3,5,5,10,optimal,optimal,mse,0.6105275718643784,0.4340952643625103,0,204.52773714065552,True,True,False,20.0
synthetic_manifold_df_size_1000_targets_5_seed_2,3,5,5,10,sing-depthMIP,sing-depthMIP,mse,0.622492902932203,0.4622011606588837,0,127.74503803253174,False,False,False,
synthetic_manifold_df_size_1000_targets_5_seed_2,3,5,5,10,sing-depthMIP,sing-depthMIP,mse,0.6106402286587136,0.4343598888982392,0,1545.2084896564484,False,False,False,20.0
synthetic_manifold_df_size_1000_targets_5_seed_2,4,5,5,10,sklearn,sklearn,sklearn,0.4313785002214866,0.0,200,0.01586008071899414,,,,
synthetic_manifold_df_size_1000_targets_5_seed_2,4,5,5,10,mean,optimal,mse,0.6061777676821819,0.40521089338236954,0,0.5425262451171875,True,True,False,
synthetic_manifold_df_size_1000_targets_5_seed_2,4,5,5,10,mean,optimal,mse,0.5951556992976578,0.37966008735271123,0,7.732826471328735,True,True,False,20.0
synthetic_manifold_df_size_1000_targets_5_seed_2,4,5,5,10,optimal,optimal,mse,0.5933504286433952,0.3754751994796816,0,17.368852138519287,True,True,False,
synthetic_manifold_df_size_1000_targets_5_seed_2,4,5,5,10,optimal,optimal,mse,0.5822658366861175,0.3497794544400323,0,204.2267484664917,True,True,False,20.0
synthetic_manifold_df_size_1000_targets_5_seed_2,4,5,5,10,sing-depthMIP,sing-depthMIP,mse,0.5965551833623457,0.38290430110923684,0,121.11438727378845,False,False,False,
synthetic_manifold_df_size_1000_targets_5_seed_2,4,5,5,10,sing-depthMIP,sing-depthMIP,mse,0.5820057417344108,0.3491765153701129,0,1565.2250106334686,False,False,False,20.0
synthetic_manifold_df_size_1000_targets_9_seed_0,0,5,5,10,sklearn,sklearn,sklearn,0.7485923918048302,0.0,200,0.002003192901611328,,,,
synthetic_manifold_df_size_1000_targets_9_seed_0,0,5,5,10,mean,optimal,mse,0.9849907479576159,0.3157904872407767,0,0.6069300174713135,True,True,False,
synthetic_manifold_df_size_1000_targets_9_seed_0,0,5,5,10,mean,optimal,mse,0.908657534478141,0.21382149274506967,0,8.970720767974854,True,True,False,20.0
synthetic_manifold_df_size_1000_targets_9_seed_0,0,5,5,10,optimal,optimal,mse,0.9616264128418082,0.2845794632287945,0,27.893402099609375,True,True,False,
synthetic_manifold_df_size_1000_targets_9_seed_0,0,5,5,10,optimal,optimal,mse,0.9061399844829263,0.21045844761827515,0,332.20971298217773,True,True,False,20.0
synthetic_manifold_df_size_1000_targets_9_seed_0,0,5,5,10,sing-depthMIP,sing-depthMIP,mse,0.963106425390262,0.28655652386239994,0,336.5517144203186,False,False,False,
synthetic_manifold_df_size_1000_targets_9_seed_0,0,5,5,10,sing-depthMIP,sing-depthMIP,mse,0.9052559385847189,0.20927750334488218,0,4481.879513978958,False,False,False,20.0
synthetic_manifold_df_size_1000_targets_9_seed_0,1,5,5,10,sklearn,sklearn,sklearn,0.7484868878972526,0.0,200,0.002865314483642578,,,,
synthetic_manifold_df_size_1000_targets_9_seed_0,1,5,5,10,mean,optimal,mse,0.9586219129960987,0.28074643456906095,0,0.625626802444458,True,True,False,
synthetic_manifold_df_size_1000_targets_9_seed_0,1,5,5,10,mean,optimal,mse,0.8910693068502822,0.19049421073172143,0,8.9011971950531,True,True,False,20.0
synthetic_manifold_df_size_1000_targets_9_seed_0,1,5,5,10,optimal,optimal,mse,0.9282356073846869,0.2401494567158123,0,28.093055963516235,True,True,False,
synthetic_manifold_df_size_1000_targets_9_seed_0,1,5,5,10,optimal,optimal,mse,0.8748702549211781,0.16885181165828864,0,333.5217218399048,True,True,False,20.0
synthetic_manifold_df_size_1000_targets_9_seed_0,1,5,5,10,sing-depthMIP,sing-depthMIP,mse,0.9581361845141863,0.2800974873533295,0,353.1085751056671,False,False,False,
synthetic_manifold_df_size_1000_targets_9_seed_0,1,5,5,10,sing-depthMIP,sing-depthMIP,mse,0.8741775090653838,0.1679262832796414,0,4364.2110142707825,False,False,False,20.0
synthetic_manifold_df_size_1000_targets_9_seed_0,2,5,5,10,sklearn,sklearn,sklearn,0.7733269097694052,0.0,200,0.005367279052734375,,,,
synthetic_manifold_df_size_1000_targets_9_seed_0,2,5,5,10,mean,optimal,mse,0.980946628582488,0.2684760043782674,0,0.8538558483123779,True,True,False,
synthetic_manifold_df_size_1000_targets_9_seed_0,2,5,5,10,mean,optimal,mse,0.8870441699157392,0.14704940266496458,0,9.133268356323242,True,True,False,20.0
synthetic_manifold_df_size_1000_targets_9_seed_0,2,5,5,10,optimal,optimal,mse,0.9212502871148072,0.19128181817636547,0,28.03604030609131,True,True,False,
synthetic_manifold_df_size_1000_targets_9_seed_0,2,5,5,10,optimal,optimal,mse,0.869712455863961,0.1246375172995034,0,335.74996519088745,True,True,False,20.0
synthetic_manifold_df_size_1000_targets_9_seed_0,2,5,5,10,sing-depthMIP,sing-depthMIP,mse,0.9547775847110412,0.2346364424273584,0,356.0118658542633,False,False,False,
synthetic_manifold_df_size_1000_targets_9_seed_0,2,5,5,10,sing-depthMIP,sing-depthMIP,mse,0.8714033981756706,0.12682409879608397,0,5220.439226865768,False,False,False,20.0
synthetic_manifold_df_size_1000_targets_9_seed_0,3,5,5,10,sklearn,sklearn,sklearn,0.7290929829568691,0.0,200,0.0,,,,
synthetic_manifold_df_size_1000_targets_9_seed_0,3,5,5,10,mean,optimal,mse,0.950440013204468,0.3035923200768113,0,0.654585599899292,True,True,False,
synthetic_manifold_df_size_1000_targets_9_seed_0,3,5,5,10,mean,optimal,mse,0.909835190592835,0.24790007840009357,0,9.023401737213135,True,True,False,20.0
synthetic_manifold_df_size_1000_targets_9_seed_0,3,5,5,10,optimal,optimal,mse,0.9346182475473059,0.28189170571484584,0,27.806575536727905,True,True,False,
synthetic_manifold_df_size_1000_targets_9_seed_0,3,5,5,10,optimal,optimal,mse,0.8856394389694585,0.21471397979679943,0,334.29824471473694,True,True,False,20.0
synthetic_manifold_df_size_1000_targets_9_seed_0,3,5,5,10,sing-depthMIP,sing-depthMIP,mse,0.9139019133268277,0.25347786179542936,0,418.35143184661865,False,False,False,
synthetic_manifold_df_size_1000_targets_9_seed_0,3,5,5,10,sing-depthMIP,sing-depthMIP,mse,0.8855875940098041,0.2146428709521578,0,4868.698102474213,False,False,False,20.0
synthetic_manifold_df_size_1000_targets_9_seed_0,4,5,5,10,sklearn,sklearn,sklearn,0.7479933122970222,0.0,200,0.0,,,,
synthetic_manifold_df_size_1000_targets_9_seed_0,4,5,5,10,mean,optimal,mse,0.9462429018566111,0.26504192791614906,0,0.662888765335083,True,True,False,
synthetic_manifold_df_size_1000_targets_9_seed_0,4,5,5,10,mean,optimal,mse,0.8881966353306563,0.18743927349174017,0,9.058511972427368,True,True,False,20.0
synthetic_manifold_df_size_1000_targets_9_seed_0,4,5,5,10,optimal,optimal,mse,0.9418934092338451,0.2592270462169945,0,28.334587812423706,True,True,False,
synthetic_manifold_df_size_1000_targets_9_seed_0,4,5,5,10,optimal,optimal,mse,0.8801488754245267,0.17668013998904128,0,333.71343064308167,True,True,False,20.0
synthetic_manifold_df_size_1000_targets_9_seed_0,4,5,5,10,sing-depthMIP,sing-depthMIP,mse,0.9418934090591173,0.25922704598339913,0,301.4999146461487,False,False,False,
synthetic_manifold_df_size_1000_targets_9_seed_0,4,5,5,10,sing-depthMIP,sing-depthMIP,mse,0.8824647147267806,0.17977620951824888,0,5121.443150997162,False,False,False,20.0
synthetic_manifold_df_size_1000_targets_9_seed_1,0,5,5,10,sklearn,sklearn,sklearn,0.34216602261179985,0.0,200,0.0,,,,
synthetic_manifold_df_size_1000_targets_9_seed_1,0,5,5,10,mean,optimal,mse,0.5422374996079827,0.5847204683533743,0,0.6615560054779053,True,True,False,
synthetic_manifold_df_size_1000_targets_9_seed_1,0,5,5,10,mean,optimal,mse,0.5199175491450978,0.5194891216155723,0,9.128350257873535,True,True,False,20.0
synthetic_manifold_df_size_1000_targets_9_seed_1,0,5,5,10,optimal,optimal,mse,0.5437088966791562,0.5890207114340348,0,28.072705507278442,True,True,False,
synthetic_manifold_df_size_1000_targets_9_seed_1,0,5,5,10,optimal,optimal,mse,0.5145302814458986,0.5037445200386027,0,355.3943192958832,True,True,False,20.0
synthetic_manifold_df_size_1000_targets_9_seed_1,0,5,5,10,sing-depthMIP,sing-depthMIP,mse,0.55700932928491,0.6278919953336743,0,395.6414804458618,False,False,False,
synthetic_manifold_df_size_1000_targets_9_seed_1,0,5,5,10,sing-depthMIP,sing-depthMIP,mse,0.5124130074432592,0.49755666425304584,0,4992.166924715042,False,False,False,20.0
synthetic_manifold_df_size_1000_targets_9_seed_1,1,5,5,10,sklearn,sklearn,sklearn,0.3169190380217221,0.0,200,0.0,,,,
synthetic_manifold_df_size_1000_targets_9_seed_1,1,5,5,10,mean,optimal,mse,0.5548169400503925,0.7506582864623126,0,0.6486880779266357,True,True,False,
synthetic_manifold_df_size_1000_targets_9_seed_1,1,5,5,10,mean,optimal,mse,0.5212188159071864,0.6446434368876928,0,9.003596067428589,True,True,False,20.0
synthetic_manifold_df_size_1000_targets_9_seed_1,1,5,5,10,optimal,optimal,mse,0.5463155941012956,0.723833309325678,0,28.84977674484253,True,True,False,
synthetic_manifold_df_size_1000_targets_9_seed_1,1,5,5,10,optimal,optimal,mse,0.5166397153159007,0.6301946343800571,0,352.86993074417114,True,True,False,20.0
synthetic_manifold_df_size_1000_targets_9_seed_1,1,5,5,10,sing-depthMIP,sing-depthMIP,mse,0.5576858681069612,0.7597108447260166,0,335.26480770111084,False,False,False,
synthetic_manifold_df_size_1000_targets_9_seed_1,1,5,5,10,sing-depthMIP,sing-depthMIP,mse,0.5137033372867426,0.6209292458206078,0,5233.470383882523,False,False,False,20.0
synthetic_manifold_df_size_1000_targets_9_seed_1,2,5,5,10,sklearn,sklearn,sklearn,0.32155566050152845,0.0,200,0.0037746429443359375,,,,
synthetic_manifold_df_size_1000_targets_9_seed_1,2,5,5,10,mean,optimal,mse,0.5326902920752443,0.6566036848625536,0,0.6571056842803955,True,True,False,
synthetic_manifold_df_size_1000_targets_9_seed_1,2,5,5,10,mean,optimal,mse,0.5097221683950516,0.5851755419265235,0,9.581872940063477,True,True,False,20.0
synthetic_manifold_df_size_1000_targets_9_seed_1,2,5,5,10,optimal,optimal,mse,0.5276227315070648,0.6408441719985113,0,28.077269077301025,True,True,False,
synthetic_manifold_df_size_1000_targets_9_seed_1,2,5,5,10,optimal,optimal,mse,0.5034415820284415,0.5656436625722173,0,341.2957627773285,True,True,False,20.0
synthetic_manifold_df_size_1000_targets_9_seed_1,2,5,5,10,sing-depthMIP,sing-depthMIP,mse,0.5241719569483856,0.6301126720358078,0,280.80709171295166,False,False,False,
synthetic_manifold_df_size_1000_targets_9_seed_1,2,5,5,10,sing-depthMIP,sing-depthMIP,mse,0.5030275698722422,0.5643561338266385,0,4596.71022439003,False,False,False,20.0
synthetic_manifold_df_size_1000_targets_9_seed_1,3,5,5,10,sklearn,sklearn,sklearn,0.3336424810830924,0.0,200,0.009154081344604492,,,,
synthetic_manifold_df_size_1000_targets_9_seed_1,3,5,5,10,mean,optimal,mse,0.5481281672959532,0.6428608416907314,0,0.6337409019470215,True,True,False,
synthetic_manifold_df_size_1000_targets_9_seed_1,3,5,5,10,mean,optimal,mse,0.5152646606557577,0.5443616741581326,0,8.897242069244385,True,True,False,20.0
synthetic_manifold_df_size_1000_targets_9_seed_1,3,5,5,10,optimal,optimal,mse,0.5383911575507184,0.6136768789242821,0,28.20250105857849,True,True,False,
synthetic_manifold_df_size_1000_targets_9_seed_1,3,5,5,10,optimal,optimal,mse,0.5055117601836402,0.5151300833833099,0,340.11490082740784,True,True,False,20.0
synthetic_manifold_df_size_1000_targets_9_seed_1,3,5,5,10,sing-depthMIP,sing-depthMIP,mse,0.5635625440201906,0.6891210681287238,0,357.4112215042114,False,False,False,
synthetic_manifold_df_size_1000_targets_9_seed_1,3,5,5,10,sing-depthMIP,sing-depthMIP,mse,0.5058510321882289,0.5161469563051493,0,4467.948299884796,False,False,False,20.0
synthetic_manifold_df_size_1000_targets_9_seed_1,4,5,5,10,sklearn,sklearn,sklearn,0.34669656254307085,0.0,200,0.007002592086791992,,,,
synthetic_manifold_df_size_1000_targets_9_seed_1,4,5,5,10,mean,optimal,mse,0.5663919219245426,0.6336819660684652,0,0.6264581680297852,True,True,False,
synthetic_manifold_df_size_1000_targets_9_seed_1,4,5,5,10,mean,optimal,mse,0.5402992945658872,0.5584212621051432,0,8.929535150527954,True,True,False,20.0
synthetic_manifold_df_size_1000_targets_9_seed_1,4,5,5,10,optimal,optimal,mse,0.5521286425411671,0.5925414388052233,0,27.948302268981934,True,True,False,
synthetic_manifold_df_size_1000_targets_9_seed_1,4,5,5,10,optimal,optimal,mse,0.5247689984716083,0.5136261941057322,0,339.1971597671509,True,True,False,20.0
synthetic_manifold_df_size_1000_targets_9_seed_1,4,5,5,10,sing-depthMIP,sing-depthMIP,mse,0.5461444947197143,0.5752809624464205,0,294.355446100235,False,False,False,
synthetic_manifold_df_size_1000_targets_9_seed_1,4,5,5,10,sing-depthMIP,sing-depthMIP,mse,0.5242141689766878,0.5120258624184184,0,4888.325266599655,False,False,False,20.0
synthetic_manifold_df_size_1000_targets_9_seed_2,0,5,5,10,sklearn,sklearn,sklearn,0.6876830066656318,0.0,200,0.0,,,,
synthetic_manifold_df_size_1000_targets_9_seed_2,0,5,5,10,mean,optimal,mse,1.3221692951196573,0.9226435469598978,0,0.5953989028930664,True,True,False,
synthetic_manifold_df_size_1000_targets_9_seed_2,0,5,5,10,mean,optimal,mse,1.2774228602437636,0.8575751441606841,0,9.039662599563599,True,True,False,20.0
synthetic_manifold_df_size_1000_targets_9_seed_2,0,5,5,10,optimal,optimal,mse,1.2945365211635478,0.8824611174272959,0,27.614283323287964,True,True,False,
synthetic_manifold_df_size_1000_targets_9_seed_2,0,5,5,10,optimal,optimal,mse,1.2599227801949935,0.8321272562833572,0,342.79535007476807,True,True,False,20.0
synthetic_manifold_df_size_1000_targets_9_seed_2,0,5,5,10,sing-depthMIP,sing-depthMIP,mse,1.2945365211309212,0.8824611173798518,0,253.5603699684143,False,False,False,
synthetic_manifold_df_size_1000_targets_9_seed_2,0,5,5,10,sing-depthMIP,sing-depthMIP,mse,1.260053670634675,0.8323175917117636,0,3958.4388926029205,False,False,False,20.0
synthetic_manifold_df_size_1000_targets_9_seed_2,1,5,5,10,sklearn,sklearn,sklearn,0.6884127200287712,0.0,200,0.0,,,,
synthetic_manifold_df_size_1000_targets_9_seed_2,1,5,5,10,mean,optimal,mse,1.3271742309699173,0.9278758110606237,0,0.6284017562866211,True,True,False,
synthetic_manifold_df_size_1000_targets_9_seed_2,1,5,5,10,mean,optimal,mse,1.30968796501145,0.9024749643741525,0,8.611286401748657,True,True,False,20.0
synthetic_manifold_df_size_1000_targets_9_seed_2,1,5,5,10,optimal,optimal,mse,1.3271929307319437,0.9279029746522923,0,28.33415389060974,True,True,False,
synthetic_manifold_df_size_1000_targets_9_seed_2,1,5,5,10,optimal,optimal,mse,1.2968073937421567,0.8837644279553094,0,341.24234199523926,True,True,False,20.0
synthetic_manifold_df_size_1000_targets_9_seed_2,1,5,5,10,sing-depthMIP,sing-depthMIP,mse,1.3252794110160595,0.9251233634391175,0,284.77330803871155,False,False,False,
synthetic_manifold_df_size_1000_targets_9_seed_2,1,5,5,10,sing-depthMIP,sing-depthMIP,mse,1.2969515015705457,0.8839737614324464,0,4004.2233402729034,False,False,False,20.0
synthetic_manifold_df_size_1000_targets_9_seed_2,2,5,5,10,sklearn,sklearn,sklearn,0.7111007891522794,0.0,200,0.0030117034912109375,,,,
synthetic_manifold_df_size_1000_targets_9_seed_2,2,5,5,10,mean,optimal,mse,1.319776060267916,0.8559620245130839,0,0.6508865356445312,True,True,False,
synthetic_manifold_df_size_1000_targets_9_seed_2,2,5,5,10,mean,optimal,mse,1.2851172627990088,0.8072223831041286,0,8.838655233383179,True,True,False,20.0
synthetic_manifold_df_size_1000_targets_9_seed_2,2,5,5,10,optimal,optimal,mse,1.3242597913951693,0.8622673629343763,0,27.590492725372314,True,True,False,
synthetic_manifold_df_size_1000_targets_9_seed_2,2,5,5,10,optimal,optimal,mse,1.272245229962419,0.7891208241789376,0,341.96776962280273,True,True,False,20.0
synthetic_manifold_df_size_1000_targets_9_seed_2,2,5,5,10,sing-depthMIP,sing-depthMIP,mse,1.324259791622814,0.8622673632545065,0,250.67393946647644,False,False,False,
synthetic_manifold_df_size_1000_targets_9_seed_2,2,5,5,10,sing-depthMIP,sing-depthMIP,mse,1.2724693181244366,0.7894359527309461,0,3862.813177585602,False,False,False,20.0
synthetic_manifold_df_size_1000_targets_9_seed_2,3,5,5,10,sklearn,sklearn,sklearn,0.6702371382738525,0.0,200,0.0017423629760742188,,,,
synthetic_manifold_df_size_1000_targets_9_seed_2,3,5,5,10,mean,optimal,mse,1.2121497752926729,0.8085386590401085,0,0.6473569869995117,True,True,False,
synthetic_manifold_df_size_1000_targets_9_seed_2,3,5,5,10,mean,optimal,mse,1.1855979522606628,0.7689230938680675,0,8.790924787521362,True,True,False,20.0
synthetic_manifold_df_size_1000_targets_9_seed_2,3,5,5,10,optimal,optimal,mse,1.1908718611271616,0.7767918146018683,0,27.827453136444092,True,True,False,
synthetic_manifold_df_size_1000_targets_9_seed_2,3,5,5,10,optimal,optimal,mse,1.162216559698835,0.734037840236726,0,348.94307565689087,True,True,False,20.0
synthetic_manifold_df_size_1000_targets_9_seed_2,3,5,5,10,sing-depthMIP,sing-depthMIP,mse,1.2163072655853167,0.8147416729514998,0,292.8070192337036,False,False,False,
synthetic_manifold_df_size_1000_targets_9_seed_2,3,5,5,10,sing-depthMIP,sing-depthMIP,mse,1.1616087227196772,0.7331309418503977,0,4355.486054182053,False,False,False,20.0
synthetic_manifold_df_size_1000_targets_9_seed_2,4,5,5,10,sklearn,sklearn,sklearn,0.6983428180502808,0.0,200,0.0020051002502441406,,,,
synthetic_manifold_df_size_1000_targets_9_seed_2,4,5,5,10,mean,optimal,mse,1.255963275874424,0.7984910038610785,0,0.5994501113891602,True,True,False,
synthetic_manifold_df_size_1000_targets_9_seed_2,4,5,5,10,mean,optimal,mse,1.2301241516330756,0.7614903738360013,0,8.862772464752197,True,True,False,20.0
synthetic_manifold_df_size_1000_targets_9_seed_2,4,5,5,10,optimal,optimal,mse,1.2528608813235802,0.7940484944364017,0,27.36635136604309,True,True,False,
synthetic_manifold_df_size_1000_targets_9_seed_2,4,5,5,10,optimal,optimal,mse,1.2091251935211946,0.7314206751591988,0,347.477002620697,True,True,False,20.0
synthetic_manifold_df_size_1000_targets_9_seed_2,4,5,5,10,sing-depthMIP,sing-depthMIP,mse,1.2528608813053783,0.7940484944103373,0,273.41259694099426,False,False,False,
synthetic_manifold_df_size_1000_targets_9_seed_2,4,5,5,10,sing-depthMIP,sing-depthMIP,mse,1.2091385405973871,0.731439787657885,0,4073.3333292007446,False,False,False,20.0
synthetic_manifold_df_size_500_targets_5_seed_0,0,7,5,10,sklearn,sklearn,sklearn,0.4960122131943572,0.0,100,0.0,,,,
synthetic_manifold_df_size_500_targets_5_seed_0,0,7,5,10,mean,optimal,mse,0.510502409953668,0.029213387037373244,0,0.6806108951568604,True,True,False,
synthetic_manifold_df_size_500_targets_5_seed_0,0,7,5,10,mean,optimal,mse,0.4422639010070517,-0.10836086442541841,0,8.850006341934204,True,True,False,20.0
synthetic_manifold_df_size_500_targets_5_seed_0,0,7,5,10,optimal,optimal,mse,0.5096871488163028,0.027569755861207558,0,12.369386672973633,True,True,False,
synthetic_manifold_df_size_500_targets_5_seed_0,0,7,5,10,optimal,optimal,mse,0.4498335609107212,-0.0930998291075171,0,147.73058247566223,True,True,False,20.0
synthetic_manifold_df_size_500_targets_5_seed_0,0,7,5,10,sing-depthMIP,sing-depthMIP,mse,0.5241237237790158,0.05667503709962775,0,32.04864287376404,False,False,False,
synthetic_manifold_df_size_500_targets_5_seed_0,0,7,5,10,sing-depthMIP,sing-depthMIP,mse,0.4496333692870552,-0.09350343131395616,0,497.85176396369934,False,False,False,20.0
synthetic_manifold_df_size_500_targets_5_seed_0,1,7,5,10,sklearn,sklearn,sklearn,0.5221503316190751,0.0,100,0.0,,,,
synthetic_manifold_df_size_500_targets_5_seed_0,1,7,5,10,mean,optimal,mse,0.49800983706447904,-0.04623284347965768,0,0.6692843437194824,True,True,False,
synthetic_manifold_df_size_500_targets_5_seed_0,1,7,5,10,mean,optimal,mse,0.3927839896104407,-0.24775688949099656,0,8.983189344406128,True,True,False,20.0
synthetic_manifold_df_size_500_targets_5_seed_0,1,7,5,10,optimal,optimal,mse,0.513612526329395,-0.0163512398109682,0,12.771622896194458,True,True,False,
synthetic_manifold_df_size_500_targets_5_seed_0,1,7,5,10,optimal,optimal,mse,0.39538963432628693,-0.24276667008853695,0,150.4008445739746,True,True,False,20.0
synthetic_manifold_df_size_500_targets_5_seed_0,1,7,5,10,sing-depthMIP,sing-depthMIP,mse,0.5136125264141168,-0.016351239648712657,0,30.602612018585205,False,False,False,
synthetic_manifold_df_size_500_targets_5_seed_0,1,7,5,10,sing-depthMIP,sing-depthMIP,mse,0.39242412590036574,-0.2484460850890518,0,545.5247921943665,False,False,False,20.0
synthetic_manifold_df_size_500_targets_5_seed_0,2,7,5,10,sklearn,sklearn,sklearn,0.5168214777891937,0.0,100,0.0010578632354736328,,,,
synthetic_manifold_df_size_500_targets_5_seed_0,2,7,5,10,mean,optimal,mse,0.5295317542290621,0.02459316608558734,0,0.6618797779083252,True,True,False,
synthetic_manifold_df_size_500_targets_5_seed_0,2,7,5,10,mean,optimal,mse,0.4019994835084056,-0.2221695483166876,0,8.529511213302612,True,True,False,20.0
synthetic_manifold_df_size_500_targets_5_seed_0,2,7,5,10,optimal,optimal,mse,0.5095031585316347,-0.01416024598835279,0,12.323825359344482,True,True,False,
synthetic_manifold_df_size_500_targets_5_seed_0,2,7,5,10,optimal,optimal,mse,0.3993362936971678,-0.22732256522037766,0,145.8520486354828,True,True,False,20.0
synthetic_manifold_df_size_500_targets_5_seed_0,2,7,5,10,sing-depthMIP,sing-depthMIP,mse,0.509503158149126,-0.014160246728470645,0,40.00802683830261,False,False,False,
synthetic_manifold_df_size_500_targets_5_seed_0,2,7,5,10,sing-depthMIP,sing-depthMIP,mse,0.40455606540229877,-0.21722280751011455,0,547.9168360233307,False,False,False,20.0
synthetic_manifold_df_size_500_targets_5_seed_0,3,7,5,10,sklearn,sklearn,sklearn,0.5811691494828359,0.0,100,0.0020046234130859375,,,,
synthetic_manifold_df_size_500_targets_5_seed_0,3,7,5,10,mean,optimal,mse,0.5817867495264841,0.0010626855265765136,0,0.6250240802764893,True,True,False,
synthetic_manifold_df_size_500_targets_5_seed_0,3,7,5,10,mean,optimal,mse,0.4700159145134567,-0.19125797552793533,0,8.50584888458252,True,True,False,20.0
synthetic_manifold_df_size_500_targets_5_seed_0,3,7,5,10,optimal,optimal,mse,0.5595136593063097,-0.03726194034180372,0,12.631768703460693,True,True,False,
synthetic_manifold_df_size_500_targets_5_seed_0,3,7,5,10,optimal,optimal,mse,0.4684101338451274,-0.19402099326512634,0,155.1251814365387,True,True,False,20.0
synthetic_manifold_df_size_500_targets_5_seed_0,3,7,5,10,sing-depthMIP,sing-depthMIP,mse,0.5650221519088638,-0.027783645412597677,0,36.65159797668457,False,False,False,
synthetic_manifold_df_size_500_targets_5_seed_0,3,7,5,10,sing-depthMIP,sing-depthMIP,mse,0.4695782810416024,-0.1920109980726519,0,525.6985292434692,False,False,False,20.0
synthetic_manifold_df_size_500_targets_5_seed_0,4,7,5,10,sklearn,sklearn,sklearn,0.5103890540853282,0.0,100,0.0,,,,
synthetic_manifold_df_size_500_targets_5_seed_0,4,7,5,10,mean,optimal,mse,0.4742978593833353,-0.07071310486207856,0,0.6817798614501953,True,True,False,
synthetic_manifold_df_size_500_targets_5_seed_0,4,7,5,10,mean,optimal,mse,0.34808774510069185,-0.31799527769163793,0,8.419893980026245,True,True,False,20.0
synthetic_manifold_df_size_500_targets_5_seed_0,4,7,5,10,optimal,optimal,mse,0.45981591979703973,-0.09908741945675331,0,12.125208139419556,True,True,False,
synthetic_manifold_df_size_500_targets_5_seed_0,4,7,5,10,optimal,optimal,mse,0.3476459191487328,-0.3188609427140802,0,145.02880573272705,True,True,False,20.0
synthetic_manifold_df_size_500_targets_5_seed_0,4,7,5,10,sing-depthMIP,sing-depthMIP,mse,0.46715012832285296,-0.08471758047390733,0,36.08285713195801,False,False,False,
synthetic_manifold_df_size_500_targets_5_seed_0,4,7,5,10,sing-depthMIP,sing-depthMIP,mse,0.3484139823913221,-0.3173560843390005,0,525.4013547897339,False,False,False,20.0
synthetic_manifold_df_size_500_targets_5_seed_1,0,7,5,10,sklearn,sklearn,sklearn,0.20108273525699766,0.0,100,0.0,,,,
synthetic_manifold_df_size_500_targets_5_seed_1,0,7,5,10,mean,optimal,mse,0.47182000078707037,1.3463973681482488,0,0.624215841293335,True,True,False,
synthetic_manifold_df_size_500_targets_5_seed_1,0,7,5,10,mean,optimal,mse,0.4977078401684979,1.4751395963079217,0,8.948013305664062,True,True,False,20.0
synthetic_manifold_df_size_500_targets_5_seed_1,0,7,5,10,optimal,optimal,mse,0.4933872536289847,1.4536529851675315,0,12.475200891494751,True,True,False,
synthetic_manifold_df_size_500_targets_5_seed_1,0,7,5,10,optimal,optimal,mse,0.4921475981875516,1.4474880827464023,0,149.78421998023987,True,True,False,20.0
synthetic_manifold_df_size_500_targets_5_seed_1,0,7,5,10,sing-depthMIP,sing-depthMIP,mse,0.4943906808819987,1.4586431065309173,0,25.616082191467285,False,False,False,
synthetic_manifold_df_size_500_targets_5_seed_1,0,7,5,10,sing-depthMIP,sing-depthMIP,mse,0.49409447552377844,1.4571700543673802,0,420.10561966896057,False,False,False,20.0
synthetic_manifold_df_size_500_targets_5_seed_1,1,7,5,10,sklearn,sklearn,sklearn,0.19252397211708713,0.0,100,0.007044553756713867,,,,
synthetic_manifold_df_size_500_targets_5_seed_1,1,7,5,10,mean,optimal,mse,0.4067544296283761,1.112746922658549,0,0.6619670391082764,True,True,False,
synthetic_manifold_df_size_500_targets_5_seed_1,1,7,5,10,mean,optimal,mse,0.452684643908133,1.351315729309928,0,9.077276706695557,True,True,False,20.0
synthetic_manifold_df_size_500_targets_5_seed_1,1,7,5,10,optimal,optimal,mse,0.4076116166570921,1.1171992878330774,0,12.624820709228516,True,True,False,
synthetic_manifold_df_size_500_targets_5_seed_1,1,7,5,10,optimal,optimal,mse,0.4520259941174289,1.3478945979907409,0,150.38037300109863,True,True,False,20.0
synthetic_manifold_df_size_500_targets_5_seed_1,1,7,5,10,sing-depthMIP,sing-depthMIP,mse,0.40761161663312195,1.1171992877085726,0,25.303639888763428,False,False,False,
synthetic_manifold_df_size_500_targets_5_seed_1,1,7,5,10,sing-depthMIP,sing-depthMIP,mse,0.4520051569593811,1.3477863664919896,0,467.2508783340454,False,False,False,20.0
synthetic_manifold_df_size_500_targets_5_seed_1,2,7,5,10,sklearn,sklearn,sklearn,0.19484664046318956,0.0,100,0.0,,,,
synthetic_manifold_df_size_500_targets_5_seed_1,2,7,5,10,mean,optimal,mse,0.4412341721869941,1.2645202972865839,0,0.6847891807556152,True,True,False,
synthetic_manifold_df_size_500_targets_5_seed_1,2,7,5,10,mean,optimal,mse,0.4382354432572879,1.2491300964466945,0,9.009196043014526,True,True,False,20.0
synthetic_manifold_df_size_500_targets_5_seed_1,2,7,5,10,optimal,optimal,mse,0.4287081726980534,1.2002338438010942,0,12.987309694290161,True,True,False,
synthetic_manifold_df_size_500_targets_5_seed_1,2,7,5,10,optimal,optimal,mse,0.4272792485410264,1.1929002600470704,0,151.53019666671753,True,True,False,20.0
synthetic_manifold_df_size_500_targets_5_seed_1,2,7,5,10,sing-depthMIP,sing-depthMIP,mse,0.43123710193241616,1.213212919182384,0,29.351327896118164,False,False,False,
synthetic_manifold_df_size_500_targets_5_seed_1,2,7,5,10,sing-depthMIP,sing-depthMIP,mse,0.42742634380278755,1.193655188443123,0,469.97204852104187,False,False,False,20.0
synthetic_manifold_df_size_500_targets_5_seed_1,3,7,5,10,sklearn,sklearn,sklearn,0.19779403310239368,0.0,100,0.0,,,,
synthetic_manifold_df_size_500_targets_5_seed_1,3,7,5,10,mean,optimal,mse,0.4328284523151081,1.1882786124849487,0,0.6595485210418701,True,True,False,
synthetic_manifold_df_size_500_targets_5_seed_1,3,7,5,10,mean,optimal,mse,0.4844394602439608,1.449211700906958,0,9.140688419342041,True,True,False,20.0
synthetic_manifold_df_size_500_targets_5_seed_1,3,7,5,10,optimal,optimal,mse,0.4176801609730039,1.1116924227778902,0,12.621472358703613,True,True,False,
synthetic_manifold_df_size_500_targets_5_seed_1,3,7,5,10,optimal,optimal,mse,0.46930236151834726,1.3726820984301362,0,146.91051578521729,True,True,False,20.0
synthetic_manifold_df_size_500_targets_5_seed_1,3,7,5,10,sing-depthMIP,sing-depthMIP,mse,0.41757482089909753,1.1111598481988993,0,30.800354480743408,False,False,False,
synthetic_manifold_df_size_500_targets_5_seed_1,3,7,5,10,sing-depthMIP,sing-depthMIP,mse,0.47066714691370903,1.3795821316311137,0,433.10968542099,False,False,False,20.0
synthetic_manifold_df_size_500_targets_5_seed_1,4,7,5,10,sklearn,sklearn,sklearn,0.2331589099827486,0.0,100,0.003010988235473633,,,,
synthetic_manifold_df_size_500_targets_5_seed_1,4,7,5,10,mean,optimal,mse,0.4508564566686619,0.9336874439069076,0,0.6598470211029053,True,True,False,
synthetic_manifold_df_size_500_targets_5_seed_1,4,7,5,10,mean,optimal,mse,0.4730980748936481,1.0290799735195733,0,8.870235443115234,True,True,False,20.0
synthetic_manifold_df_size_500_targets_5_seed_1,4,7,5,10,optimal,optimal,mse,0.43644881905268085,0.8718942333577286,0,12.489975452423096,True,True,False,
synthetic_manifold_df_size_500_targets_5_seed_1,4,7,5,10,optimal,optimal,mse,0.46508005039128486,0.9946913048516828,0,149.15429592132568,True,True,False,20.0
synthetic_manifold_df_size_500_targets_5_seed_1,4,7,5,10,sing-depthMIP,sing-depthMIP,mse,0.4372295445999173,0.8752427030657669,0,27.39516305923462,False,False,False,
synthetic_manifold_df_size_500_targets_5_seed_1,4,7,5,10,sing-depthMIP,sing-depthMIP,mse,0.4666277412991812,1.001329227923166,0,439.6930515766144,False,False,False,20.0
synthetic_manifold_df_size_500_targets_5_seed_2,0,7,5,10,sklearn,sklearn,sklearn,0.572894885966582,0.0,100,0.0,,,,
synthetic_manifold_df_size_500_targets_5_seed_2,0,7,5,10,mean,optimal,mse,0.6827374217142386,0.19173244243982288,0,0.6561732292175293,True,True,False,
synthetic_manifold_df_size_500_targets_5_seed_2,0,7,5,10,mean,optimal,mse,0.6490144099152053,0.13286822035458615,0,8.226848125457764,True,True,False,20.0
synthetic_manifold_df_size_500_targets_5_seed_2,0,7,5,10,optimal,optimal,mse,0.5888586697712047,0.027865118358822123,0,12.186521053314209,True,True,False,
synthetic_manifold_df_size_500_targets_5_seed_2,0,7,5,10,optimal,optimal,mse,0.6312448771338254,0.10185112940709168,0,142.8043007850647,True,True,False,20.0
synthetic_manifold_df_size_500_targets_5_seed_2,0,7,5,10,sing-depthMIP,sing-depthMIP,mse,0.6044478437978608,0.055076347518869806,0,33.49968862533569,False,False,False,
synthetic_manifold_df_size_500_targets_5_seed_2,0,7,5,10,sing-depthMIP,sing-depthMIP,mse,0.630635265306557,0.10078703921847035,0,494.63593220710754,False,False,False,20.0
synthetic_manifold_df_size_500_targets_5_seed_2,1,7,5,10,sklearn,sklearn,sklearn,0.46414389249131033,0.0,100,0.0,,,,
synthetic_manifold_df_size_500_targets_5_seed_2,1,7,5,10,mean,optimal,mse,0.594702034676814,0.28128807530942146,0,0.5968103408813477,True,True,False,
synthetic_manifold_df_size_500_targets_5_seed_2,1,7,5,10,mean,optimal,mse,0.6016992880375087,0.29636368757943676,0,7.926593780517578,True,True,False,20.0
synthetic_manifold_df_size_500_targets_5_seed_2,1,7,5,10,optimal,optimal,mse,0.6211484961592008,0.3382670895983617,0,12.297664642333984,True,True,False,
synthetic_manifold_df_size_500_targets_5_seed_2,1,7,5,10,optimal,optimal,mse,0.5962841310117364,0.28469670862447033,0,142.36515522003174,True,True,False,20.0
synthetic_manifold_df_size_500_targets_5_seed_2,1,7,5,10,sing-depthMIP,sing-depthMIP,mse,0.6307924062352808,0.3590449350727812,0,40.79857683181763,False,False,False,
synthetic_manifold_df_size_500_targets_5_seed_2,1,7,5,10,sing-depthMIP,sing-depthMIP,mse,0.5939270246449253,0.27961831288353056,0,516.784895658493,False,False,False,20.0
synthetic_manifold_df_size_500_targets_5_seed_2,2,7,5,10,sklearn,sklearn,sklearn,0.4470513619509594,0.0,100,0.0059282779693603516,,,,
synthetic_manifold_df_size_500_targets_5_seed_2,2,7,5,10,mean,optimal,mse,0.7321873569451639,0.6378148446967115,0,0.6143684387207031,True,True,False,
synthetic_manifold_df_size_500_targets_5_seed_2,2,7,5,10,mean,optimal,mse,0.751546580267558,0.6811190933134907,0,8.126811742782593,True,True,False,20.0
synthetic_manifold_df_size_500_targets_5_seed_2,2,7,5,10,optimal,optimal,mse,0.6952291189564385,0.5551437220153322,0,12.86383056640625,True,True,False,
synthetic_manifold_df_size_500_targets_5_seed_2,2,7,5,10,optimal,optimal,mse,0.713041443311478,0.5949877441368743,0,141.83057713508606,True,True,False,20.0
synthetic_manifold_df_size_500_targets_5_seed_2,2,7,5,10,sing-depthMIP,sing-depthMIP,mse,0.6952291183791065,0.5551437207239102,0,31.445022583007812,False,False,False,
synthetic_manifold_df_size_500_targets_5_seed_2,2,7,5,10,sing-depthMIP,sing-depthMIP,mse,0.7156561945197533,0.6008366273543737,0,525.2700562477112,False,False,False,20.0
synthetic_manifold_df_size_500_targets_5_seed_2,3,7,5,10,sklearn,sklearn,sklearn,0.45933482262125225,0.0,100,0.002004384994506836,,,,
synthetic_manifold_df_size_500_targets_5_seed_2,3,7,5,10,mean,optimal,mse,0.5841365135933113,0.2717009136382529,0,0.6268296241760254,True,True,False,
synthetic_manifold_df_size_500_targets_5_seed_2,3,7,5,10,mean,optimal,mse,0.5591308007132516,0.21726194744500535,0,8.297656297683716,True,True,False,20.0
synthetic_manifold_df_size_500_targets_5_seed_2,3,7,5,10,optimal,optimal,mse,0.5801056202599624,0.26292541233759786,0,12.949364185333252,True,True,False,
synthetic_manifold_df_size_500_targets_5_seed_2,3,7,5,10,optimal,optimal,mse,0.5240672180137305,0.14092638355410247,0,145.83265233039856,True,True,False,20.0
synthetic_manifold_df_size_500_targets_5_seed_2,3,7,5,10,sing-depthMIP,sing-depthMIP,mse,0.5860381538344525,0.2758409007402305,0,28.787471771240234,False,False,False,
synthetic_manifold_df_size_500_targets_5_seed_2,3,7,5,10,sing-depthMIP,sing-depthMIP,mse,0.5207753966334534,0.13375988709408695,0,522.0180966854095,False,False,False,20.0
synthetic_manifold_df_size_500_targets_5_seed_2,4,7,5,10,sklearn,sklearn,sklearn,0.5077619833964484,0.0,100,0.0020034313201904297,,,,
synthetic_manifold_df_size_500_targets_5_seed_2,4,7,5,10,mean,optimal,mse,0.6319384150607923,0.24455637823399218,0,0.6156468391418457,True,True,False,
synthetic_manifold_df_size_500_targets_5_seed_2,4,7,5,10,mean,optimal,mse,0.5756672992419153,0.13373454111559202,0,8.561498165130615,True,True,False,20.0
synthetic_manifold_df_size_500_targets_5_seed_2,4,7,5,10,optimal,optimal,mse,0.6023404893655513,0.18626543353336922,0,12.609463214874268,True,True,False,
synthetic_manifold_df_size_500_targets_5_seed_2,4,7,5,10,optimal,optimal,mse,0.5590654107207186,0.10103833883170747,0,145.98085761070251,True,True,False,20.0
synthetic_manifold_df_size_500_targets_5_seed_2,4,7,5,10,sing-depthMIP,sing-depthMIP,mse,0.6023404896786086,0.18626543414991273,0,42.45954251289368,False,False,False,
synthetic_manifold_df_size_500_targets_5_seed_2,4,7,5,10,sing-depthMIP,sing-depthMIP,mse,0.5609208280359623,0.10469244720514803,0,523.324709892273,False,False,False,20.0
